pts,year,quarter,quarter_start_date,posting_date,revenue,earnings,eps,diluted_eps,margin,inventory,assets,liabilities,sh_out,diluted_sh_out,co_name_or_cik
1986-10-01 10:41:00,1986,4,19861001,19861001,     852106855.03,     552002106.27,        0.65,        0.59,        0.65,      91617364.29,  949817562622.77,    5211815874.78,    850783723,    938676297,0000000082
1986-10-01 16:46:05,1986,4,19861001,19861001,    5369379070.06,    1868131648.28,       19.58,       18.53,        0.35,     224467949.32,  289876953579.32,    3693615272.39,     95418535,    100835098,0000000256
1986-10-01 22:50:05,1986,4,19861001,19861001,    1953508270.20,    1080856909.22,        1.30,        1.20,        0.55,     247941591.60,  151471537337.38,    7174446249.56,    828396736,    900332199,0000000044
1986-10-01 23:43:00,1986,4,19861001,19861001,    7394728169.12,    4483431939.55,        6.84,        6.52,        0.61,     663133640.93,  882062169305.71,    3672931447.89,    655618478,    687183282,0000000464
1986-10-02 08:12:02,1986,4,19861001,19861002,     277925209.65,      78905634.86,        0.11,        0.10,        0.28,     144336440.38,  859413024448.42,    2906792937.14,    694426645,    765526272,0000000455
1986-10-02 08:17:00,1986,4,19861001,19861002,     391607706.59,      77016613.72,        0.13,        0.11,        0.20,     349635395.26,  302741327703.96,    3226526333.35,    612777976,    704379935,0000000225
1986-10-02 11:59:02,1986,4,19861001,19861002,    6558938660.39,    1060468934.45,        1.28,        1.22,        0.16,     696919058.77,  274085918773.40,    6062618049.53,    828953661,    867970127,GXPlSMRxrwRWSQGoFU                                          
1986-10-02 21:44:02,1986,4,19861001,19861002,    8594257901.90,    5076029746.30,        9.61,        9.05,        0.59,       4822051.90,  405101448869.31,    8058091968.56,    528351455,    561140866,oCchUvsnjDMXdYwiSjXJJmvXmQfAcBHVZshEwSEUNMNfLAYfsKYtf       
1986-10-03 05:15:03,1986,4,19861001,19861003,    3290220870.40,    1620986033.41,        3.51,        3.11,        0.49,     597788216.39,  257756745959.52,    8055004718.52,    462317571,    520392407,HwQOCBYPGIOmXFUfXRMEbGkVPtXzrmxPtxawhcSLEVMcOiOTuWrt        
1986-10-03 07:36:01,1986,4,19861001,19861003,    6429039497.66,    1364194435.20,        1.41,        1.24,        0.21,     483900261.61,  953357459278.07,    3191269142.02,    969085846,   1097877795,0000000101
1986-10-03 18:08:00,1986,4,19861001,19861003,    8376859258.97,    2706838694.68,        3.15,        2.75,        0.32,     175281340.00,  409885991575.36,    5665341040.15,    858335709,    983256671,0000000467
1986-10-03 22:29:01,1986,4,19861001,19861003,    5056070711.79,    2620796936.51,        3.93,        3.69,        0.52,     121798887.91,  780305868079.69,    5571779416.16,    666417016,    710870316,0000000349
1986-10-03 22:53:03,1986,4,19861001,19861003,    5866926036.21,    1591390696.08,        2.88,        2.77,        0.27,     532993584.94,  605173203238.10,    6857341188.86,    553037091,    574070442,GMMVEDTptKeuKPLmwqtGMoENLIQVRRdqUWPfm                       
1986-10-04 07:06:00,1986,4,19861001,19861004,    8381128040.51,    4897752231.34,       56.31,       54.63,        0.58,     540674964.66,  242532230290.37,    7850018714.55,     86983230,     89660657,OCCqgHNKVmnHCpUWqcpvGPKChBNBKCjbMjChCqPYLlDYAX              
1986-10-04 11:00:00,1986,4,19861001,19861004,    8395730444.69,    3868107572.73,       80.40,       73.89,        0.46,     202653568.67,  961901358243.75,    1783321256.52,     48111784,     52349546,KwKrBSPunrZSmvDXBsufENESTfdIyCqhSvBJ                        
1986-10-04 17:55:04,1986,4,19861001,19861004,     422168517.68,      86941280.55,        0.11,        0.10,        0.21,     245341402.92,  391346475092.94,    5603064659.10,    817245654,    897253385,YCmHMrlCgmfVKmzzPrAlepDA                                    
1986-10-05 00:56:04,1986,4,19861001,19861005,    3143693895.55,     502455613.55,        0.51,        0.44,        0.16,     539947070.06,  532535127456.53,     105710522.82,    980781490,   1147309054,scmDWzmsFsKeJRIGDDLOmmrXAyjsUbVeFMZMfdG                     
1986-10-05 01:43:05,1986,4,19861001,19861005,    1267082491.07,     228721328.05,        0.28,        0.27,        0.18,     393755999.85,  835233011291.32,    8949836447.35,    826184673,    850381372,VOjVyuMCOFpHiRVucjrCyCWYjNawjSsUQKKRZqioFFwROPJtOgOO        
1986-10-05 08:35:04,1986,4,19861001,19861005,     371511028.36,     227632798.08,        0.31,        0.28,        0.61,       6424516.89,  158005971225.49,    8161209396.08,    725018702,    814597026,0000000414
1986-10-05 12:29:02,1986,4,19861001,19861005,    5455152929.58,    3535356668.18,        4.37,        4.20,        0.65,     402672276.92,  695097376511.03,    2278773656.21,    808582961,    841106674,bGFUwQXggAZypFjRCphMxBp                                     
1986-10-05 19:29:03,1986,4,19861001,19861005,    8547372331.29,     601026796.02,        0.73,        0.68,        0.07,     504434063.31,  228502901467.00,    3224949460.63,    825515584,    888203377,TLOeJROVMacWuQLAOqTyEkblGNJmHaNXnFWPqeXGAI                  
1986-10-05 22:24:04,1986,4,19861001,19861005,    7680972766.40,    4763356463.41,        4.82,        4.55,        0.62,     434543171.99,  606337801025.66,    8826339291.30,    989118474,   1047094139,wCYnFaiCDorOIRIGLcRvKOL                                     
1986-10-06 02:16:05,1986,4,19861001,19861006,    1631313544.76,     188297265.97,        0.36,        0.30,        0.12,     756226656.45,  235865104554.96,    3945363909.22,    524376497,    625809088,ahfYaRNyhtHvoBDOjGTcMPuAQFGeDqnaWzDkWemBRAWnlUBrhDdAzCVJq   
1986-10-06 05:26:03,1986,4,19861001,19861006,    3945677380.62,    1255052887.18,        3.15,        2.83,        0.32,     306311054.20,  329477724597.28,    5105586989.63,    398809210,    443668091,0000000063
1986-10-06 08:39:03,1986,4,19861001,19861006,     239767625.27,     132263420.75,        0.15,        0.15,        0.55,     887598398.50,  143036367445.55,     509244747.21,    887335130,    908407956,TowVEXvAeasrTiHWVPALdZXSDAITTfJCQqzSNNTWCtSIsyI             
1986-10-06 09:10:01,1986,4,19861001,19861006,    7228845084.16,    3418176390.20,        8.81,        7.68,        0.47,     955939657.12,  517368352783.32,    2583939423.28,    387788657,    445348196,zZCyFkqieiPsUGvBJwvhXNW                                     
1986-10-06 15:26:05,1986,4,19861001,19861006,    2567995424.92,     254505915.75,        0.29,        0.24,        0.10,     604724750.90,  749880000543.32,    7201064946.90,    885442892,   1057208379,0000000032
1986-10-06 23:34:04,1986,4,19861001,19861006,    1382023594.19,     595770549.24,        1.02,        0.91,        0.43,     403612017.82,   31376344675.86,    7769308637.48,    585220661,    653466810,mqFXQHGXTMiBfYGUYWQNXbNJhDVNzAztAmafbEocueUljhwVLF          
1986-10-07 05:58:02,1986,4,19861001,19861007,    8428777252.11,    4120408095.61,       13.42,       12.32,        0.49,     298175055.46,  607221962473.30,    8781020453.12,    307038854,    334493653,0000000006
1986-10-07 08:12:04,1986,4,19861001,19861007,    8123891099.24,    1139562440.33,        2.96,        2.77,        0.14,     465020510.96,  341720778071.82,    5872773388.28,    385396469,    412085091,LyPLWCiNgEmpbhlfYPIKdDcaFIKWon                              
1986-10-07 14:56:00,1986,4,19861001,19861007,      11295692.12,       3604665.64,        0.24,        0.24,        0.32,     202937837.47,  586319968277.98,    8875745725.20,     14924546,     14951597,kYVteWtqWQREmZvUXOPWTHguMmmAnEK                             
1986-10-07 20:16:05,1986,4,19861001,19861007,    5708766952.24,    1695140985.47,        7.06,        5.90,        0.30,     909756699.81,  687056204273.40,    1477521903.36,    240242793,    287353027,VTRrSmKRVjKNKntcQCKJPGCEADNXRwHtPULFlxMQjGbQrXjDInstFrDTDRx 
1986-10-08 00:26:03,1986,4,19861001,19861008,    1100346111.15,     454507908.33,        0.47,        0.44,        0.41,     710526618.22,  814754579543.70,    6566638111.17,    961530803,   1024557300,iLRgsRKORjPEuGBYgmdeGGaIPIxIKBVoZOoLfVbbtoy                 
1986-10-08 09:02:02,1986,4,19861001,19861008,    8029596697.97,    5249252900.30,        7.17,        7.08,        0.65,     211499902.76,   74592703389.19,    4747838661.24,    731613488,    741017647,0000000240
1986-10-08 13:39:03,1986,4,19861001,19861008,    5399946052.06,    1669904185.18,        4.19,        3.79,        0.31,     212686990.43,  544996958896.23,    6542087092.23,    398865391,    440997013,0000000321
1986-10-08 23:30:04,1986,4,19861001,19861008,    7428194470.48,    2926131283.55,       19.69,       19.31,        0.39,     253253454.71,  894179653474.08,    7909954750.46,    148608165,    151539865,0000000233
1986-10-09 02:02:03,1986,4,19861001,19861009,    1874058771.28,     626063876.62,        1.08,        0.92,        0.33,     407896803.34,  713594987524.87,    1880599956.75,    580329147,    676971141,0000000275
1986-10-09 06:46:00,1986,4,19861001,19861009,    4522006271.39,     254968146.82,        0.34,        0.29,        0.06,     762757341.90,  833513665541.74,    9159445257.68,    758829494,    891008779,0000000073
1986-10-09 10:02:03,1986,4,19861001,19861009,    3635892075.27,    1588467024.60,       14.76,       12.32,        0.44,     179469676.02,  934822386094.35,    8096943524.80,    107637420,    128911873,dTpthWoaQBLMBRCRNonpuyzduOcCjNK                             
1986-10-09 16:04:05,1986,4,19861001,19861009,    6283459216.73,    1011558293.95,       25.75,       24.44,        0.16,     992846283.35,  224665670216.31,    3402637864.86,     39279730,     41383633,VSgEqJMQXjMEdvdKWRzDPtoYWDIur                               
1986-10-09 22:05:04,1986,4,19861001,19861009,    3239296772.92,     836449623.96,        1.03,        0.97,        0.26,     284994838.19,  702430923201.71,    8074753956.88,    812772292,    861108919,WVDBEymbLNIErFSMYptqRODRN                                   
1986-10-10 00:14:03,1986,4,19861001,19861010,    5637568495.30,    2158256113.02,        3.17,        2.70,        0.38,     661542387.41,  245292433945.64,    8938420360.37,    680453005,    800729256,0000000049
1986-10-10 08:50:01,1986,4,19861001,19861010,    8081835668.88,    1223724211.96,      248.69,      241.88,        0.15,     119320076.41,  437824953319.53,    5508981889.65,      4920711,      5059298,0000000283
1986-10-10 15:15:05,1986,4,19861001,19861010,    4438906599.52,     447094121.65,        2.84,        2.49,        0.10,     881719315.67,  126388582250.69,    6530338835.26,    157354222,    179827337,kzlnGdWaKhZLRwYuxlhqLQkyPBU                                 
1986-10-10 21:09:02,1986,4,19861001,19861010,    7727080698.20,    3378557673.95,        7.84,        7.31,        0.44,     313589899.01,  644347474272.39,    9494093275.95,    431105391,    461867517,0000000273
1986-10-11 06:24:02,1986,4,19861001,19861011,    2819277988.15,     804553312.98,        2.88,        2.64,        0.29,     933781134.47,  493552967927.01,    4977033955.53,    279448041,    305323751,qzuJbEnLbLOlOtyvsWNfYJGAxriKRxn                             
1986-10-11 14:58:00,1986,4,19861001,19861011,    9589699960.68,    1326505589.04,        5.96,        5.44,        0.14,     181529029.42,  540546095349.15,    1249793841.29,    222544333,    243759553,0000000453
1986-10-11 17:10:05,1986,4,19861001,19861011,    1737959731.97,     521005771.39,        4.83,        4.38,        0.30,     114726030.33,   71911341918.21,    9304835350.18,    107947288,    118982653,OBWjCTLirMOaFnMGgDcFs                                       
1986-10-12 00:10:01,1986,4,19861001,19861012,    3472117841.15,     950441553.95,        1.41,        1.31,        0.27,     713106272.73,  872458166021.02,    2419912222.03,    674683804,    723548430,0000000310
1986-10-12 03:40:00,1986,4,19861001,19861012,    1226835938.68,     673735438.83,        0.87,        0.78,        0.55,     634337019.25,  466543223547.60,    2198598222.75,    774939884,    869236421,0000000326
1986-10-12 14:36:03,1986,4,19861001,19861012,    6413706369.87,     971314837.71,        3.31,        2.76,        0.15,     799334165.32,   57728711667.61,    2800450463.52,    293641647,    351958849,GMVyPigMjOGOWoPxdDwGgnRvywGWpPLZbDNkZTnfnknyKnRjBNz         
1986-10-12 22:23:01,1986,4,19861001,19861012,    4757798077.87,    2310512501.97,        8.59,        7.78,        0.49,      67978150.35,  400343238098.37,     296056166.73,    269104096,    296977464,0000000278
1986-10-12 23:12:04,1986,4,19861001,19861012,    3674937058.69,     919062247.09,        2.17,        2.07,        0.25,      73535080.24,  436038265089.82,    1726730211.66,    422728898,    443410564,SFWYyFVjRXVbbJImeTwoVSiiVrmrQAMWErRpIjAkTLkjLFqQAEauVBZSF   
1986-10-13 05:01:03,1986,4,19861001,19861013,    1581734431.54,     532487412.94,        1.34,        1.16,        0.34,     207552623.22,   40319422943.62,     650095813.12,    397357983,    460826120,tXuUfntJgrxYaMaSjZVXXQIcxTYzWyiecYHvqZzOYqDOHdFPjXGZhQ      
1986-10-13 06:17:00,1986,4,19861001,19861013,    5571740112.40,      75617283.38,        0.11,        0.09,        0.01,     983930227.04,  672441443949.80,    1129897631.20,    699685032,    813729657,UJUxEhswcbiyFxGDanAVIcgDyOWUPTETDMGmaeJwRZzHuHEWjkLx        
1986-10-13 08:53:04,1986,4,19861001,19861013,    7278026880.09,     115563070.40,        0.34,        0.32,        0.02,      67393651.12,  933766491544.67,    7523603410.53,    341776007,    359137014,mpCtHGHMzRmRSOWhCSWIitSDekVuZAVlHmMDCcBYd                   
1986-10-13 10:13:01,1986,4,19861001,19861013,    6826602775.42,    4340634535.64,        4.48,        4.13,        0.64,     790184278.81,  805619801432.55,    3948774136.32,    969120648,   1051387976,QoXRBMfDnLbuNHNxKDhvSPQOzBFcmiECXB                          
1986-10-13 10:25:02,1986,4,19861001,19861013,    3008372095.63,    1883515599.32,        3.19,        3.05,        0.63,     175818278.47,    5795263070.89,    5914958740.99,    589583374,    617423403,0000000288
1986-10-13 14:39:03,1986,4,19861001,19861013,    8545759231.16,    1991520951.55,        3.47,        3.09,        0.23,     689383038.82,  813318989596.91,      35600801.33,    573269496,    644126505,eTrBsOmPgSXUYcoGntWQDBQeuAGEGSCiQGpENv                      
1986-10-13 23:42:04,1986,4,19861001,19861013,    4322337188.64,    1892405967.46,        3.40,        2.92,        0.44,     391207314.63,   35619299577.00,     101270357.88,    556858659,    647651986,0000000112
1986-10-14 06:48:01,1986,4,19861001,19861014,    4417126280.02,     393289870.97,        3.29,        2.86,        0.09,     970136295.93,  576236592250.22,    3431341693.92,    119381909,    137715521,0000000091
1986-10-14 10:12:03,1986,4,19861001,19861014,    2744763639.15,      31477616.76,        0.09,        0.08,        0.01,     540018517.63,  329186856612.13,    1217772582.56,    334279279,    400382385,aUukjFwShAQTgyziXgUcOpJIiPCdVBRBKVAvktHJVuhFlMIUvWjOs       
1986-10-14 15:21:02,1986,4,19861001,19861014,    3144847092.87,    1493065981.73,       24.15,       23.69,        0.47,     685107242.86,  482735497924.14,    1850979464.71,     61833014,     63017082,IPkMfFPITXPuontRFRTkNbCSwVieJTbEDhCJKrxqSUoGSJoXH           
1986-10-14 23:53:05,1986,4,19861001,19861014,    3768965359.53,     844080075.99,       11.19,       11.11,        0.22,     721607185.64,   56375332562.23,    6771912050.55,     75421443,     76008359,LnngLMAUXrHXWgzkDKcqvIHwWnw                                 
1986-10-15 09:00:05,1986,4,19861001,19861015,    2298670797.13,     819287281.70,        1.44,        1.30,        0.36,       6451216.57,  779479220094.40,    2467868020.12,    569493811,    629547461,0000000473
1986-10-15 17:35:05,1986,4,19861001,19861015,    6390204303.17,    2636753530.34,       37.74,       35.09,        0.41,     228128917.55,   83287092835.33,     161055280.93,     69858151,     75137021,DvbOuQtQhhIpCgicNoNmJJmIISOzXrHUBciK                        
1986-10-15 22:00:01,1986,4,19861001,19861015,    6585933943.32,    1218317638.21,        5.57,        5.10,        0.18,     430583473.65,  516403908673.57,    3186294120.16,    218724792,    238756829,nUSbwozHKnjEMwDGEwifsBDVkWMEUCXcZRAlqaRyXugMDSPCvILEtSe     
1986-10-16 08:30:01,1986,4,19861001,19861016,    2436934513.89,    1057009441.99,        2.66,        2.59,        0.43,     862628969.24,  153690095226.76,    3703937854.11,    397567725,    408372962,iIVeWHTlSjWLMJKqGP                                          
1986-10-16 08:48:05,1986,4,19861001,19861016,    4730113416.61,    2896074828.20,        3.08,        2.90,        0.61,     772229582.22,  589772475616.06,    4175621330.99,    940032694,    999881221,SDOiboZkRWRFMPcVEwXbFEBUSlnXWE                              
1986-10-16 09:48:05,1986,4,19861001,19861016,    7242613303.82,    4734909553.45,       23.48,       20.60,        0.65,     374234893.20,  638207452655.84,    1101776193.51,    201685377,    229855957,WDgzUZNxEQmyFsHDoROopKTxXNMJTbWgGi                          
1986-10-16 18:41:05,1986,4,19861001,19861016,    2460409740.11,    1277385673.11,        1.72,        1.71,        0.52,     393050209.80,  883006020216.01,    9129159349.06,    742019443,    745231050,0000000263
1986-10-17 00:50:01,1986,4,19861001,19861017,    8802019637.18,    2048874547.54,      126.76,      117.60,        0.23,     260482645.14,  654208818027.43,    3161201353.13,     16163266,     17422597,0000000392
1986-10-17 03:48:04,1986,4,19861001,19861017,    6907626537.16,    2656293566.38,        6.74,        6.24,        0.38,     448586996.68,  954926614101.86,    9400441372.50,    393970136,    425978373,0000000104
1986-10-17 11:27:04,1986,4,19861001,19861017,    5114574444.67,     258096257.54,        0.47,        0.42,        0.05,     309124975.73,  587628926498.06,    8609075848.86,    552425145,    607655683,ANKZqXnAPolCevVlalzEIxkMBL                                  
1986-10-17 17:49:03,1986,4,19861001,19861017,    2515688304.15,      62985658.21,        0.07,        0.06,        0.03,     365418911.88,  887514095314.49,     258993663.51,    923534048,    981224459,0000000090
1986-10-18 01:34:04,1986,4,19861001,19861018,    2078502077.77,    1425417569.10,        1.59,        1.52,        0.69,     200127889.60,  848596771164.14,    3764497660.62,    894690921,    937349436,0000000149
1986-10-18 05:22:03,1986,4,19861001,19861018,    9947508120.03,    1043855317.96,        2.89,        2.87,        0.10,      90380542.51,  730543913345.50,    9621062912.01,    360828559,    364079021,0000000219
1986-10-18 09:37:04,1986,4,19861001,19861018,    2939007180.91,     678319616.50,       10.35,       10.03,        0.23,     859105335.71,  200930780924.54,    3328322056.39,     65521793,     67619939,0000000213
1986-10-18 12:49:05,1986,4,19861001,19861018,    2479083218.42,     972670905.81,        2.82,        2.63,        0.39,     795846186.64,  555544950723.02,    5241779746.39,    344388453,    369929284,0000000030
1986-10-18 22:52:02,1986,4,19861001,19861018,    1402143516.65,     125402312.79,        0.50,        0.46,        0.09,     490247657.65,  264578884413.63,    3308516458.32,    252873198,    274364753,0000000307
1986-10-19 08:11:02,1986,4,19861001,19861019,    9155322450.05,    1704778728.50,        2.12,        1.78,        0.19,     702227338.74,  630324292981.00,    4654175526.64,    802686643,    956484463,0000000457
1986-10-19 09:13:04,1986,4,19861001,19861019,    7563421582.53,     718775971.56,        2.93,        2.62,        0.10,     503688932.65,  452405699608.91,    9995272862.47,    245055545,    274374227,0000000404
1986-10-19 19:11:02,1986,4,19861001,19861019,    3292868115.44,     387026194.53,        0.48,        0.46,        0.12,     128101131.12,  439246875093.84,    5886592618.74,    805952442,    850224025,FrREBrawjTeLLdVNSrQLcaBThCGXGTRApfSXIgHaxFaDxHvJAzoGvNujWxwv
1986-10-19 22:41:01,1986,4,19861001,19861019,    6440526854.69,     182082359.23,        0.20,        0.20,        0.03,     669082118.26,  265860022246.26,    4529499968.81,    897913556,    909642104,0000000105
1986-10-20 09:18:02,1986,4,19861001,19861020,    6734847622.04,    2540792865.84,        4.14,        3.92,        0.38,     368165287.31,   87935442931.05,    1649269166.31,    613982487,    648233560,YtvHEQBjudJlIIctWcFxmnzyLLXwZIjQbTYYSJjShQPPW               
1986-10-20 16:31:00,1986,4,19861001,19861020,    9518630223.34,      48968839.45,        0.56,        0.47,        0.01,     248268863.90,  370292796616.09,    6352622742.31,     87630498,    104068730,0000000470
1986-10-20 21:25:00,1986,4,19861001,19861020,    1554682486.81,     434777808.03,        0.58,        0.57,        0.28,     523597720.68,  691870878984.77,    4334588098.55,    743225366,    764203031,0000000403
1986-10-21 00:28:01,1986,4,19861001,19861021,    4654210332.74,      12890139.63,        0.03,        0.03,        0.00,      85612338.33,  896902960474.11,    4218001112.65,    413138221,    420337529,UrAHhHVuXPrAHDCDCjaKUp                                      
1986-10-21 09:40:01,1986,4,19861001,19861021,    3107343152.99,    1497181175.65,        3.75,        3.32,        0.48,     191776564.56,  345836944693.73,    5760944534.39,    398736623,    450535696,bDehSFMUUzvBayHEfHPXduNBnPkf                                
1986-10-21 09:53:03,1986,4,19861001,19861021,    7610147694.49,    1776793646.20,        4.66,        4.47,        0.23,     989821490.79,   21321756990.19,    2606069524.72,    381495428,    397850141,ALaTkTrWzjYocUGvfZAGsDSHiyoSYCRYFPHwFMrxAaXvECAvwwqAKDMcdXEe
1986-10-21 16:47:03,1986,4,19861001,19861021,    6162986866.53,    1021071357.60,        1.18,        1.02,        0.17,     840432959.08,  908333389981.87,     669132952.88,    868833501,    997923111,0000000266
1986-10-21 23:01:00,1986,4,19861001,19861021,    3998854495.11,     615055135.72,       27.00,       23.06,        0.15,     639124234.92,  830313912789.34,    2592734291.75,     22779703,     26667588,AfdJSCVjNBoeAHEEMuMjhdNEqCxRXlZLSMRVHUGSloIknvnKg           
1986-10-22 07:24:02,1986,4,19861001,19861022,    4114059913.44,    1007321703.98,       26.47,       25.84,        0.24,     214044934.95,  784524666189.86,    3334587999.73,     38050661,     38982387,XWXxJBIxnpWkRhOnmCAnXWPDaesNLKLmPw                          
1986-10-22 12:18:01,1986,4,19861001,19861022,     119082176.75,      53867806.93,        1.87,        1.61,        0.45,     890992101.48,  579635079171.94,    9531386080.52,     28784757,     33481147,PRcxltWFKupyJhsFRtXRelVxLoYOFxYNPeOBNhoszHkHtQwRmjwLsEAEjGbR
1986-10-22 12:34:04,1986,4,19861001,19861022,    1192951951.32,     708648482.44,        0.90,        0.86,        0.59,     655994031.33,  996621087886.30,    1253847110.25,    789214872,    825576190,lGKCDPIplHUrWtxvMqWnCl                                      
1986-10-22 16:23:05,1986,4,19861001,19861022,    5588560615.99,    2084910575.36,        5.51,        4.95,        0.37,     528066948.26,  475167549735.61,    4135849281.07,    378717143,    421118480,0000000152
1986-10-23 01:48:04,1986,4,19861001,19861023,    9258595892.58,    1435843161.90,       13.94,       13.64,        0.16,     886661107.68,  405467471382.08,    6885957107.01,    102985255,    105300251,0000000434
1986-10-23 08:18:02,1986,4,19861001,19861023,    9225218351.28,    2921231547.95,       35.65,       33.47,        0.32,     775857582.18,  192765792103.55,    7268965917.59,     81939234,     87286224,0000000280
1986-10-23 11:57:00,1986,4,19861001,19861023,    5727714128.00,    1968693699.09,        2.55,        2.48,        0.34,     751431623.40,  976359417863.28,     374926938.19,    771653551,    795093095,0000000327
1986-10-23 14:57:00,1986,4,19861001,19861023,    3473141859.68,    1236153098.97,        2.02,        1.86,        0.36,      28037456.41,  515989050266.29,    4085901767.75,    612472504,    662983017,0000000211
1986-10-23 23:40:03,1986,4,19861001,19861023,     184291441.75,      88721318.10,        0.10,        0.09,        0.48,     492711487.41,  812439183466.43,    8150275165.83,    925063743,   1026116716,0000000197
1986-10-24 07:08:00,1986,4,19861001,19861024,    5983219919.59,    3502414754.22,       17.04,       14.68,        0.59,     389824902.81,  526468358238.90,    3111650418.93,    205532358,    238660201,0000000203
1986-10-24 07:17:02,1986,4,19861001,19861024,    3191946964.78,     746610614.09,        1.25,        1.24,        0.23,     526795412.20,  433710249517.43,    6699219752.30,    595160495,    602685694,0000000469
1986-10-24 08:16:04,1986,4,19861001,19861024,    9070129329.82,    2722551949.79,        4.29,        3.84,        0.30,     293674547.61,    3985877586.73,    4140044297.00,    634059166,    709020383,KOoRBLuVJAmbedckFhAQyRqTdgMMbJwtQJUMWiUWf                   
1986-10-24 08:29:00,1986,4,19861001,19861024,    7828416942.67,    2534606921.92,       10.48,        9.50,        0.32,     103663910.60,  189181702684.19,    4318360795.37,    241798422,    266887837,0000000312
1986-10-24 13:01:02,1986,4,19861001,19861024,    7598088346.66,    4214333166.17,       32.41,       30.24,        0.55,     710132092.95,  804957082475.07,    1001711482.60,    130030006,    139383803,JuHDDpOBOrGTvGNBSbgrTGHFwDYMlhVhVIzTSLSTdZkxdbxEOOA         
1986-10-24 13:36:05,1986,4,19861001,19861024,    6469634717.10,    2529925344.11,        2.99,        2.50,        0.39,     237526477.54,  474178858357.38,    2645868036.09,    847172304,   1010409825,pKOuBCTLGQgLNoxCSjppVInLk                                   
1986-10-24 19:31:01,1986,4,19861001,19861024,    6743032728.67,    3049560291.73,       10.40,        9.55,        0.45,     526160146.84,  926161379187.40,    8538031039.69,    293095457,    319248273,jNTXKVuWNpqudLAHcSjaHCEYHhrzSJcSPAuxkrgU                    
1986-10-25 01:52:02,1986,4,19861001,19861025,    7615260778.63,    2159204431.88,        6.20,        5.82,        0.28,     579374729.86,  203837330964.42,    9557362651.41,    348250873,    370918119,wUqsVTbOAHqQHWZR                                            
1986-10-25 11:59:03,1986,4,19861001,19861025,    5296818935.95,    1428685411.59,        2.24,        2.23,        0.27,     580827385.05,  572555222746.04,    1054567666.83,    637768583,    639776318,LreMERHymPfIQMxBUNtnKpwGJnQngfSIhhbakWJHBmll                
1986-10-25 21:26:03,1986,4,19861001,19861025,    9749995023.03,    2689624628.97,        3.07,        2.87,        0.28,      66705998.58,  766807958198.75,    3360778114.42,    875329560,    937869684,0000000279
1986-10-26 07:45:05,1986,4,19861001,19861026,    7619002446.59,    3776609691.54,        5.67,        4.97,        0.50,     461978150.33,  951226658368.56,    8457227908.99,    665750007,    759922919,0000000413
1986-10-26 17:04:02,1986,4,19861001,19861026,     129587276.62,      66737298.42,        0.74,        0.62,        0.51,     992020617.25,  242664627582.50,     890323793.20,     90264633,    107377852,0000000294
1986-10-27 03:03:01,1986,4,19861001,19861027,    7661727542.38,    4188471517.60,       16.13,       16.08,        0.55,     810372896.12,  130849397618.73,    1949773613.41,    259729442,    260416852,GzvqfgULmOyNoKwGjeLGRJASRWtJkigtgFgsdrvxiQlQdjBzlooeMSkr    
1986-10-27 13:49:03,1986,4,19861001,19861027,    7067108822.15,    3463228741.79,       47.92,       41.62,        0.49,     629951883.40,    6437114485.37,    5896857505.91,     72266386,     83212294,0000000123
1986-10-27 17:48:03,1986,4,19861001,19861027,     703583344.67,     239052654.46,        0.26,        0.22,        0.34,     162982030.34,  113945815244.34,    5662737487.52,    911387013,   1074861239,0000000430
1986-10-27 18:12:04,1986,4,19861001,19861027,    4620313169.66,    2659156906.71,        5.95,        5.17,        0.58,     687199214.91,  753954575090.51,    2938661607.32,    446979950,    513847757,AOUEDVXombADyRwbaCtIgakebE                                  
1986-10-28 04:18:05,1986,4,19861001,19861028,    3630371842.65,     396154921.78,        0.57,        0.53,        0.11,     498802794.37,  113101678940.11,    9628993393.10,    700627044,    742864072,0000000438
1986-10-28 06:44:01,1986,4,19861001,19861028,    1727684373.68,     191662587.99,        0.21,        0.18,        0.11,     788229733.95,  247880896429.53,    7766329993.89,    899761598,   1055336210,GHXBcdUluFMlpiodL                                           
1986-10-28 10:50:01,1986,4,19861001,19861028,    5026181706.91,    1046459279.27,        1.25,        1.07,        0.21,      17018115.93,  558575692250.87,    9060448023.91,    835552498,    978091529,NKRvSsBsXTKUaUAfjodhRYdYYuS                                 
1986-10-28 15:21:05,1986,4,19861001,19861028,    3289078287.68,     285714562.63,        0.55,        0.48,        0.09,     301202332.46,  512867662858.20,    6167950654.30,    516080300,    601385259,WQvGWPoKbkVjgnaQgARkjKXk                                    
1986-10-28 22:04:02,1986,4,19861001,19861028,    4085368030.81,     544888781.58,        0.84,        0.73,        0.13,     745156568.82,  872557131645.59,    1158124947.87,    651821869,    745065314,0000000384
1986-10-29 06:23:04,1986,4,19861001,19861029,    5387963553.89,    1795887309.42,        3.57,        3.55,        0.33,     467454149.63,  851971308882.98,    7715210060.75,    503276829,    506091379,0000000386
1986-10-29 14:41:01,1986,4,19861001,19861029,    4440142569.88,    1519559801.24,       46.87,       39.73,        0.34,     426674964.90,    6695358487.13,    7544201223.89,     32420964,     38250156,KEGJUmtiTGWgspzKcnMQoMWdhjwInvEnWkMEKuWaXSOGKhvGHoFlAuJVDXzs
1986-10-29 19:51:02,1986,4,19861001,19861029,    9751528543.66,    3419143758.82,        4.64,        4.35,        0.35,      18997222.97,  357382076580.35,    8843088793.50,    736723544,    785861039,0000000297
1986-10-30 01:44:03,1986,4,19861001,19861030,    2541096641.74,    1354476576.82,        2.02,        1.92,        0.53,     725445510.73,  656537569261.82,    9245081293.88,    669874269,    705817118,0000000196
1986-10-30 01:51:03,1986,4,19861001,19861030,    1825982075.53,    1175725369.43,        2.01,        1.91,        0.64,     159846339.24,  679354885037.28,    4312502924.10,    584350567,    617044534,VKglnFBQTmHKbkhURWViVkJPWJMHHYGIvBBIOlSNDmPLWjCc            
1986-10-30 11:49:01,1986,4,19861001,19861030,    5682704196.24,    1318393268.49,        2.72,        2.47,        0.23,     338296992.85,  647814047036.23,    7935694976.75,    484084035,    533084374,0000000387
1986-10-30 15:36:05,1986,4,19861001,19861030,    1216041433.92,     507143290.07,       27.18,       26.75,        0.42,     206482845.16,   29574215381.76,     289496723.78,     18660563,     18957873,0000000367
1986-10-30 19:17:04,1986,4,19861001,19861030,    4780539109.49,      42585414.17,        0.11,        0.11,        0.01,     704352744.79,  308997112660.36,    3055799757.55,    372525031,    389626264,0000000356
1986-10-30 21:40:01,1986,4,19861001,19861030,    9251179565.04,    2146129953.80,       61.77,       55.89,        0.23,     874019001.59,  123159287109.13,     487188878.36,     34743343,     38397955,noSTRZdjEkTgSAnXDVFsGLbzzEAfBSiINBJIKbVCMtnPWmXUHjhCGDSwOyZ 
1986-10-30 22:04:02,1986,4,19861001,19861030,    1646906786.79,     192719514.30,        0.49,        0.45,        0.12,     447340672.14,  164464036836.64,    2873724488.05,    389567076,    424164304,0000000380
1986-10-31 08:56:00,1986,4,19861001,19861031,    7825369115.21,    1640095647.11,        1.81,        1.70,        0.21,     385686037.75,  628303140795.19,    5550774083.76,    907792393,    964205715,0000000471
1986-10-31 09:59:04,1986,4,19861001,19861031,    7753995389.40,    2434737691.84,        3.26,        3.17,        0.31,     970546142.55,  250144033535.41,    2748701891.45,    747224292,    768943548,0000000361
1986-10-31 14:31:00,1986,4,19861001,19861031,    2524781700.80,     372117448.49,        0.70,        0.60,        0.15,     638229274.20,  556959559042.41,    3312641746.75,    532300767,    623504930,0000000040
1986-10-31 14:38:00,1986,4,19861001,19861031,    6295475306.02,    2518105699.27,        2.70,        2.67,        0.40,     922473836.78,  788674069882.84,    5510308045.41,    933866139,    941707439,0000000293
1986-10-31 22:15:05,1986,4,19861001,19861031,    9361037277.78,     968447309.55,        5.46,        5.33,        0.10,      61242327.59,  811471737845.39,      44092692.64,    177254876,    181836946,0000000167
1986-11-01 08:23:04,1986,4,19861001,19861101,    3965792534.70,     822261066.33,        0.90,        0.78,        0.21,     262508003.48,  690027079583.42,    8741188788.08,    908828862,   1052902141,0000000402
1986-11-01 10:43:01,1986,4,19861001,19861101,    3817019951.03,    1261886380.40,        1.35,        1.35,        0.33,     622965184.32,  335316379034.07,    3718691206.32,    932991352,    933478656,0000000080
1986-11-01 12:36:03,1986,4,19861001,19861101,    6273449081.32,    2492068996.09,       16.74,       16.16,        0.40,      69180145.17,  685249612204.03,    7427856298.17,    148905452,    154203344,0000000136
1986-11-01 16:37:04,1986,4,19861001,19861101,    1983399155.79,    1239863476.83,        3.03,        2.69,        0.63,     484832557.33,   83766472680.10,    9633806921.30,    408968321,    461207665,ENGDoBcJBTuAugFLKIzoEnkLDnlBMTZAvXJwRWFNVGivMNfTaPXjIhrKIoGj
1986-11-01 20:11:01,1986,4,19861001,19861101,    1247509773.42,     717158184.81,        0.76,        0.72,        0.57,     830892605.08,  814101127627.59,    9339037280.57,    940520890,    989720095,XYreLZjfxjBvJEfNhCshSXODGqAEflcAGWqaGNKjBdRnGBML            
1986-11-02 06:00:02,1986,4,19861001,19861102,    2727939880.42,    1277982284.17,        4.79,        4.12,        0.47,     780398350.07,  670638507718.26,    9580714196.54,    266707209,    310233035,HMrTXQhEEVrLHrNKPYWiOMAJojqEqwZLugVKrXsyh                   
1986-11-02 09:38:02,1986,4,19861001,19861102,    5385675865.27,    2611722795.73,        3.12,        2.84,        0.48,     200771152.93,  273926135437.96,     103184327.96,    838414037,    918085896,GNTvIbNEfPpCRmJUNXFMaXVESIrXqrUZNtNtgjWIGCCXxy              
1986-11-02 10:43:02,1986,4,19861001,19861102,    7221318630.55,      32826088.89,        0.07,        0.06,        0.00,      67268186.03,  518197344992.43,    1564331726.63,    477595068,    514079852,RtYhTNuAWQnCLSVfVKqPJlpCKMETs                               
1986-11-02 13:43:02,1986,4,19861001,19861102,    7798162687.27,    3220912300.11,       10.09,        9.49,        0.41,     288724688.91,  126523679516.51,    2947911740.58,    319064821,    339248956,HazyHEGpqPzkHcpBCxMMwTVGPFbRDOSnOtBTjfhQueGMPBWoQJZucV      
1986-11-02 17:24:04,1986,4,19861001,19861102,    4998795531.56,    2688642615.13,       10.27,        8.72,        0.54,     579364522.61,  326027388566.40,    5269216049.48,    261793405,    308273862,0000000251
1986-11-02 21:35:03,1986,4,19861001,19861102,    3077645673.28,     148279419.50,        2.45,        2.35,        0.05,     623530057.74,  160825828542.50,     997075015.69,     60484493,     63062732,DXYhrWaQcubzCELw                                            
1986-11-03 01:25:04,1986,4,19861001,19861103,    7916829491.90,    3074326829.33,       19.06,       16.36,        0.39,     494602816.99,  103459879864.67,    8218530371.88,    161321288,    187949424,0000000020
1986-11-03 08:59:00,1986,4,19861001,19861103,    9678220629.64,    2169183614.04,        2.48,        2.41,        0.22,     359098775.49,  767840747160.44,     148242126.66,    875541156,    901716053,0000000142
1986-11-03 09:00:04,1986,4,19861001,19861103,    9254811102.91,    4620401621.73,        9.27,        7.98,        0.50,     754748127.90,   37576106629.22,     771235550.61,    498648269,    578710369,ZBmKynluEfveVpOM                                            
1986-11-03 14:44:02,1986,4,19861001,19861103,    2685224763.02,    1605985903.87,        3.77,        3.51,        0.60,     273911673.92,  712973068086.12,    7854942364.00,    425680281,    456997867,0000000092
1986-11-03 21:24:04,1986,4,19861001,19861103,     732981621.41,     233849118.60,        5.44,        5.15,        0.32,     897897643.42,  108819231641.80,     548359864.07,     42952033,     45394291,0000000207
1986-11-04 00:04:02,1986,4,19861001,19861104,    4077187347.32,    1459515429.63,      614.04,      608.29,        0.36,     532546039.65,  306061760663.76,    3351987792.12,      2376914,      2399371,NCagiwwwgLbKUGJnDXPlFVVlKLdiMGGxNxCFEAnCZXYAyG              
1986-11-04 01:56:03,1986,4,19861001,19861104,    9650818110.27,    3048870485.13,       10.85,       10.50,        0.32,     652146732.81,  324086960303.62,    2641627308.13,    281079069,    290370701,0000000052
1986-11-04 08:48:05,1986,4,19861001,19861104,    8540755368.25,    3563006588.07,        3.69,        3.65,        0.42,     266224145.09,  264587787002.70,     589966476.28,    964562769,    975379764,swaSHRQuKBkOQzDSWqmePyUKrMSsbxr                             
1986-11-04 14:27:02,1986,4,19861001,19861104,    6637676637.56,    4321723105.65,       39.04,       33.36,        0.65,     910358929.71,  668934960032.43,    9583934233.42,    110707948,    129542588,0000000024
1986-11-04 18:19:01,1986,4,19861001,19861104,    2712122577.75,    1084458992.02,        2.26,        1.89,        0.40,     257162460.58,   63438092382.61,    1781127292.09,    478891782,    572770370,0000000318
1986-11-04 20:23:02,1986,4,19861001,19861104,    5110806406.05,       6116214.42,        0.01,        0.01,        0.00,     311148772.36,  642554584853.61,    9054526976.67,    989213431,   1098983582,0000000222
1986-11-05 04:04:01,1986,4,19861001,19861105,    1461076145.37,     704350223.26,        0.88,        0.78,        0.48,     689335861.75,  965138190645.51,    6790219209.44,    798417073,    897828239,0000000360
1986-11-05 08:38:05,1986,4,19861001,19861105,    5889152521.81,    3549240755.87,        7.14,        7.01,        0.60,     274859425.81,  682564937399.21,    3226442860.85,    497146730,    506027629,0000000217
1986-11-05 17:29:04,1986,4,19861001,19861105,     857665398.52,      83691806.96,        1.65,        1.47,        0.10,     209982077.45,  366021876264.26,    1879535228.27,     50839302,     56937968,0000000231
1986-11-05 22:48:05,1986,4,19861001,19861105,    9884403139.26,    3273302851.84,        4.27,        4.03,        0.33,     517689605.43,  379316190602.33,    6615765891.16,    765731555,    812829761,0000000193
1986-11-05 23:51:04,1986,4,19861001,19861105,    8108881400.86,     676473937.47,        1.13,        1.08,        0.08,     142313087.12,  868051405556.43,     145692650.30,    599179222,    626348936,tgNeUOkSmbAglyKPapMsnBsVVRszAOehBPwbVSdGyvTDFYXnvxAVgWS     
1986-11-06 06:38:05,1986,4,19861001,19861106,    4604375802.76,    1637995813.78,        8.75,        8.50,        0.36,      41473347.86,  430677605939.55,    6768009800.80,    187105389,    192775097,whOJbSWAVgSKFSagITxNTGeTKRETrj                              
1986-11-06 13:32:04,1986,4,19861001,19861106,     685096287.39,      35172622.17,        0.10,        0.09,        0.05,      26244894.92,  283132696980.25,    6650993457.26,    365270087,    372843680,0000000304
1986-11-06 22:02:05,1986,4,19861001,19861106,    6091722870.62,    1469114127.64,        1.98,        1.90,        0.24,     755742031.42,  327638393857.32,     223521000.03,    740502019,    772624740,SGWqSybFZTGlnKCJOHffHLXNReuSiWajMQl                         
1986-11-07 03:29:04,1986,4,19861001,19861107,    3706909270.72,    2167544433.23,       21.66,       20.82,        0.58,     621456147.68,  313031677190.50,    3590011113.15,    100061916,    104092510,0000000184
1986-11-07 09:32:02,1986,4,19861001,19861107,    8284993237.23,    5156057671.21,      144.73,      120.99,        0.62,     147961318.01,  220721956769.42,    1190915914.86,     35624620,     42615972,0000000115
1986-11-07 10:14:01,1986,4,19861001,19861107,    8265229640.06,    2917089215.43,        3.72,        3.58,        0.35,     521240705.90,  818922026585.90,    5902394804.67,    783667602,    815648518,HiPKNUBYGRPZPMljrNlmbMndsgDRkyzwBtTbnPqBU                   
1986-11-07 17:45:05,1986,4,19861001,19861107,    8652797797.56,    4696680558.98,       12.94,       11.99,        0.54,     517735340.99,  885410243222.21,    7164234339.11,    362977767,    391615231,KyXzTQMtNFUEgaXUmTKrLVILUKSSUQ                              
1986-11-07 22:34:00,1986,4,19861001,19861107,    3902654966.72,    1511819412.86,        2.87,        2.40,        0.39,     419823599.68,  550870185807.55,    9038460760.72,    527218976,    628676691,mPMQctNfdlYBGEJcUJMKsAYRADEUETYwjTnFsJLBCbNRKrGOaMiTuCx     
1986-11-08 08:55:00,1986,4,19861001,19861108,    3782419721.11,    1230581416.50,        2.69,        2.47,        0.33,     529063983.96,  357873299145.87,    6982119617.14,    456996771,    497703045,0000000133
1986-11-08 13:51:03,1986,4,19861001,19861108,    6883525028.60,     209133796.05,        1.22,        1.04,        0.03,     125034411.95,  411108620610.99,    4595651539.50,    171902271,    201751356,0000000198
1986-11-08 20:03:02,1986,4,19861001,19861108,    6363568930.95,    1660894782.47,        5.57,        5.04,        0.26,     407724832.73,  551404890861.27,    5827529626.97,    298187448,    329310108,vkThCiGCDWxzSOELuwFOHqffmyIkXCZi                            
1986-11-08 22:28:03,1986,4,19861001,19861108,    8123420500.56,    2439094002.43,        5.01,        4.84,        0.30,      86775742.47,  178558039293.07,    5378502771.36,    487319610,    503704743,TnleXPvwiSdBMEsAKXbVnbuMZdkwZMXCtgjjajKFYHGrEgWqy           
1986-11-09 06:05:02,1986,4,19861001,19861109,    5850213048.96,    2823518050.97,        4.34,        3.92,        0.48,     823551864.98,  935096588111.65,    6752821196.94,    651171675,    719432687,siRgQEhFByzByReAqGwsEpRSjnGOJWCcvvMLxnFyuRRnVxHcfFskDSRKPCK 
1986-11-09 07:35:04,1986,4,19861001,19861109,    5840648416.14,      86153208.97,        0.16,        0.15,        0.01,      53873497.63,  894252427477.23,    1407466034.12,    548664455,    573666100,yUcFCLJSWQNToANfcASlEdocirKFCAVCbnKSokUxfbMssnYGXvWWGB      
1986-11-09 17:34:02,1986,4,19861001,19861109,     774374917.88,     221230456.61,        0.34,        0.31,        0.29,     781842362.26,  870935391041.11,      73576174.45,    647154819,    722442475,vSHXKQlebfEDsXHbAX                                          
1986-11-09 23:12:03,1986,4,19861001,19861109,     873925829.58,     345644918.06,        1.86,        1.63,        0.40,     406170486.01,  847959941661.97,    9277334729.06,    185450925,    211911707,0000000415
1986-11-10 06:45:04,1986,4,19861001,19861110,     256562249.80,     148160690.62,        0.17,        0.15,        0.58,     190477703.04,  215431222084.22,    3853684989.76,    873206871,    975972195,IIrJWUJdHVEVnFSrngp                                         
1986-11-10 12:55:02,1986,4,19861001,19861110,    7310001072.91,    3740732328.73,        3.89,        3.34,        0.51,     428880373.34,  642870518139.79,    2516250844.51,    960452766,   1119886053,AoyBPrcHSuNJDgXH                                            
1986-11-10 15:39:02,1986,4,19861001,19861110,    1620645915.48,     438241127.68,        0.52,        0.46,        0.27,      32734009.05,  629539641365.47,    8011423945.46,    841414109,    962140030,DCHxoKcJGofOARectG                                          
1986-11-10 18:23:05,1986,4,19861001,19861110,    5440408330.15,    1840530257.86,        2.28,        2.10,        0.34,     343583892.12,  663769950171.71,    6399574873.36,    807953782,    875043892,KwjfmirRqfjJKRClFNxFXRUpUKSpCNxNadkYKRajlaHBFBFgLPbynOng    
1986-11-10 20:31:04,1986,4,19861001,19861110,    3433663444.86,     771368932.34,        3.47,        2.97,        0.22,      66846094.30,   73025711063.67,    9394383508.81,    222024243,    259624076,0000000014
1986-11-11 02:50:00,1986,4,19861001,19861111,    6087189429.12,    2428974390.74,        3.63,        3.42,        0.40,     233376380.49,  150003009825.93,    3235710405.11,    668468209,    711094426,YsBoESOcrkgRnnKvsVIbBnYXxOvr                                
1986-11-11 12:26:03,1986,4,19861001,19861111,    3950537673.91,     352345712.66,        0.43,        0.38,        0.09,     879877689.83,  944271257693.65,    9396059018.38,    816762789,    917348383,TzOOKJSXlzetRDAZNOaBGRiAoYkrPjDLzvR                         
1986-11-11 19:16:00,1986,4,19861001,19861111,    2438008451.50,    1235654263.18,       14.77,       12.84,        0.51,     312465710.46,  649891670838.40,    7182547238.04,     83638465,     96240951,qNBRLBcNHRMNCOGgoLutSmLjluU                                 
1986-11-12 03:01:05,1986,4,19861001,19861112,    8948322530.24,    6251128189.60,     1469.84,     1345.11,        0.70,     153238001.70,  135478603726.98,     746164564.11,      4252943,      4647294,GOXTrVlFqgNCNVbOMxFhOQBDjM                                  
1986-11-12 05:14:04,1986,4,19861001,19861112,    3865669140.46,    1028238060.89,        3.16,        2.96,        0.27,     925486337.19,  771554215850.53,    1843238972.29,    325043870,    347382074,0000000267
1986-11-12 16:09:02,1986,4,19861001,19861112,     167131560.29,      94956963.91,        0.19,        0.18,        0.57,      24770539.33,  151603061856.49,    7758613996.55,    499944211,    531833871,GPPgQnYKzLNbJtmVUUImJmtxbXoek                               
1986-11-12 17:22:04,1986,4,19861001,19861112,    3116690173.52,    1900382119.26,        1.94,        1.66,        0.61,     530542473.86,  779704908010.24,    9186548125.67,    981508618,   1146300766,NvHUUJTtNxXqpHHCqLTGiSBMwSQ                                 
1986-11-12 18:36:05,1986,4,19861001,19861112,    2329531554.02,    1171815495.48,        1.96,        1.66,        0.50,     974674645.56,  995519014838.64,    7258079445.29,    596847867,    704278520,dEluvoyDvJUjnIcJSQeLjfBVqcISrcIOmRsoAGZctiPWPtDsTOmmLoXqrj  
1986-11-12 19:23:02,1986,4,19861001,19861112,    9055554754.88,     885941507.92,        1.08,        0.99,        0.10,     894030745.63,  721935191451.63,    7829823093.80,    818458415,    895207756,0000000355
1986-11-12 23:22:03,1986,4,19861001,19861112,    3141879752.14,     581699385.67,        0.89,        0.80,        0.19,      57916644.05,  500882433992.28,    5100790993.64,    653405287,    726153435,0000000048
1986-11-13 00:04:04,1986,4,19861001,19861113,    4081835294.75,     980758183.64,        2.21,        2.08,        0.24,       4369333.04,  912145369809.14,    2366366986.41,    443508204,    471857324,0000000456
1986-11-13 09:44:02,1986,4,19861001,19861113,    1185292880.74,     368798357.44,        1.47,        1.29,        0.31,     524440026.56,  969286261326.82,    6250566570.16,    250624800,    286510534,VKlFVflqvUNrdKNrIoOVxVCiqTGSlegXZeTCViATHLVV                
1986-11-13 14:06:02,1986,4,19861001,19861113,    4187783032.69,    1687397393.18,       27.35,       23.93,        0.40,     918466312.94,  252151975344.98,    8248799216.40,     61702474,     70502574,0000000210
1986-11-13 18:56:00,1986,4,19861001,19861113,    8740091933.99,     223785546.34,        0.34,        0.30,        0.03,     985941143.74,  556226856940.37,    6265031364.93,    663855490,    745962035,nFkXCFIQQcAPOHRuYtieKkGSZpAdCmvxWPuheWUSLiFkN               
1986-11-13 23:24:01,1986,4,19861001,19861113,     331407132.94,     109178554.18,        0.14,        0.13,        0.33,     138919941.76,  312825940193.17,    7230207572.86,    769862023,    838775318,0000000442
1986-11-14 04:12:01,1986,4,19861001,19861114,    3992843508.95,     186947042.54,        0.38,        0.37,        0.05,     553966441.79,  766440341534.01,    1185905056.30,    492937297,    503582411,0000000143
1986-11-14 11:42:03,1986,4,19861001,19861114,    3007859325.15,    1911107058.85,        2.31,        2.05,        0.64,     525293412.57,  140154149126.44,    6934851855.61,    826504399,    930774584,0000000375
1986-11-14 21:49:00,1986,4,19861001,19861114,    5741497048.78,    1419746206.39,        3.82,        3.38,        0.25,      15617417.43,  310188842817.42,    6341020022.54,    371276376,    420650706,0000000337
1986-11-14 22:21:02,1986,4,19861001,19861114,    3168984867.75,    1715850885.67,       19.82,       19.66,        0.54,     931421671.75,  963109585173.79,    9313863780.59,     86571006,     87257961,0000000394
1986-11-15 04:58:00,1986,4,19861001,19861115,    8514058422.19,    3169190757.06,        7.74,        7.20,        0.37,     888338446.34,  808899981042.99,    8579763043.12,    409670717,    440348703,sswZvJekOOuQxhdOtMgSHWKiVdqDcVFSI                           
1986-11-15 05:04:02,1986,4,19861001,19861115,    3602386012.75,     345267217.47,        0.73,        0.64,        0.10,     728699286.56,   44280005348.91,     649264140.41,    474044904,    537541004,0000000276
1986-11-15 14:00:05,1986,4,19861001,19861115,    6108043727.15,     987892607.22,        1.28,        1.15,        0.16,     886754863.53,  708582713799.67,    5884599597.67,    770103723,    857388556,CfpSJqNzKQKIOUAIXOeRB                                       
1986-11-15 17:21:01,1986,4,19861001,19861115,     552002595.02,      61248071.00,        0.17,        0.17,        0.11,     285856639.79,  525955180711.42,    6558159259.45,    354063114,    354150677,0000000446
1986-11-15 19:10:00,1986,4,19861001,19861115,    5307330127.58,    3296025131.73,       11.07,        9.68,        0.62,     711272502.54,  419599640044.00,     907456774.33,    297647838,    340504447,0000000412
1986-11-15 23:16:02,1986,4,19861001,19861115,    1220561550.70,     735392242.76,        0.79,        0.67,        0.60,     615010620.61,  487636043519.50,    5180411402.38,    928683269,   1100136176,0000000029
1986-11-16 01:17:01,1986,4,19861001,19861116,    6180212322.45,    3991723373.90,        6.93,        6.59,        0.65,     227838143.31,  377356476135.86,     572287818.37,    575810463,    605268081,XUUnTsXPEMNKfGFLNSCxNBJWLSEC                                
1986-11-16 07:26:00,1986,4,19861001,19861116,      69752935.99,      45224275.15,        0.10,        0.09,        0.65,     677342702.10,  729345572028.48,    2067517738.27,    444389796,    506971135,0000000247
1986-11-16 14:03:03,1986,4,19861001,19861116,    8017948980.15,    1428351359.23,        1.71,        1.42,        0.18,     390528384.79,  925292339172.99,    8218746470.33,    837268037,   1002743949,WzLEcEgNIjsDVNhxQeTORG                                      
1986-11-16 23:13:05,1986,4,19861001,19861116,     505553585.62,     142419127.81,        1.65,        1.54,        0.28,     887652296.94,  259620708450.20,    3671383787.81,     86265016,     92768369,nejESMxciuKMLFHMFEUV                                        
1986-11-17 02:03:04,1986,4,19861001,19861117,    6827088471.80,    2742896083.20,       35.40,       33.04,        0.40,     821005031.57,  556020397899.35,    9688666692.23,     77480472,     83029386,0000000447
1986-11-17 02:12:01,1986,4,19861001,19861117,     128666292.80,      42835146.85,        0.04,        0.04,        0.33,     332244343.95,  814660742829.43,    7056001571.46,    978696687,   1143751966,0000000433
1986-11-17 07:27:00,1986,4,19861001,19861117,    7432427664.49,    2320662111.39,        3.13,        2.64,        0.31,     453235062.69,  786493725552.79,    1017214348.62,    741852863,    880204338,0000000421
1986-11-17 18:19:02,1986,4,19861001,19861117,    9961136248.35,    3407224603.78,       12.46,       12.16,        0.34,     760409906.29,   20299993962.16,    1120883010.65,    273388879,    280205822,0000000340
1986-11-17 21:12:02,1986,4,19861001,19861117,    2867566488.77,     488797422.33,        3.68,        3.13,        0.17,     736331399.96,  329057966208.92,    1383419320.16,    132868835,    155925984,zRfEuBrvHrKyGDfpiRBTeUqPsQSTsDxPdxPXYXbVgMCGJcRviIrmxpTiV   
1986-11-18 03:09:00,1986,4,19861001,19861118,    1578495000.36,     885704715.33,        1.10,        1.06,        0.56,     700384588.46,  415020616407.65,    7053729646.68,    804128427,    835937943,0000000025
1986-11-18 04:16:05,1986,4,19861001,19861118,    3799004264.70,     396847166.82,        1.46,        1.43,        0.10,     504461157.68,  502330548160.88,    7612325646.81,    271599412,    277261133,0000000060
1986-11-18 15:04:04,1986,4,19861001,19861118,    5783712070.34,     365749010.30,        0.67,        0.62,        0.06,     234576139.80,  669960410313.57,    6335928018.29,    546944879,    589866863,0000000322
1986-11-18 18:51:00,1986,4,19861001,19861118,    1925530662.54,     753158079.35,        6.13,        5.19,        0.39,      51773530.94,   32432728129.60,    4842814216.69,    122862006,    145190821,HZpXLmriSYSeQKhQML                                          
1986-11-19 05:36:01,1986,4,19861001,19861119,    2671045633.39,    1458679727.35,        1.87,        1.57,        0.55,     971291864.08,  450071688081.11,    4459747763.58,    780336754,    927775868,0000000373
1986-11-19 11:50:01,1986,4,19861001,19861119,    4690909999.09,     778577373.40,        1.01,        0.90,        0.17,     375480329.58,   65181486769.09,     896355777.89,    771469236,    866422074,0000000108
1986-11-19 19:20:03,1986,4,19861001,19861119,    9835075666.33,    4621043743.66,        6.02,        5.39,        0.47,     858128305.49,  677111311170.78,    5399273450.45,    767433524,    857189292,oVQZHHoeJFAibcCaYAEJISAPBzZqljSYmfyIwwdpzDs                 
1986-11-19 20:40:04,1986,4,19861001,19861119,    8984400449.07,    1538711978.90,        1.61,        1.54,        0.17,      38859388.61,  128376150681.32,    9786278040.90,    954565214,   1001442815,0000000261
1986-11-19 23:23:04,1986,4,19861001,19861119,    2728122548.64,     262271432.27,        0.26,        0.26,        0.10,     722953326.38,  191637438163.20,    5817370772.52,    994741700,   1021062122,0000000330
1986-11-20 01:40:05,1986,4,19861001,19861120,    9481398144.73,    5894828580.80,       10.90,        9.72,        0.62,     118215270.87,  559124249797.82,    2592606494.19,    541000547,    606390269,jlkBZXPcVEbEkvquHcRWHHHVGNQxJWnBWpCCCKENWGMjHFABR           
1986-11-20 06:16:00,1986,4,19861001,19861120,    3639708196.19,    2469180250.24,        4.32,        4.20,        0.68,     136874920.92,  397905091697.48,    1867537037.34,    571477902,    588510322,0000000474
1986-11-20 07:44:04,1986,4,19861001,19861120,    7508856692.05,    4433567256.31,       46.13,       43.15,        0.59,     839469220.69,  343647652409.47,     858249843.07,     96100413,    102755140,0000000317
1986-11-20 12:40:01,1986,4,19861001,19861120,    2082339461.92,     765465796.64,       10.59,        9.80,        0.37,     276371809.88,  765363926617.14,    6911521114.43,     72287470,     78141950,qKCCVOwUhXclMYGpMGHDaUScTSF                                 
1986-11-20 22:30:04,1986,4,19861001,19861120,     859527507.68,     448040243.81,        0.60,        0.58,        0.52,     193589293.39,  359007874411.29,      30501074.81,    743699316,    773950634,gvzOOFIxvAZVNbSQBOYoeUsTAJUkTzOmWVjxTWFlFCvSWVOCNBecHvb     
1986-11-21 04:30:05,1986,4,19861001,19861121,    4715943194.04,    1539195179.10,      265.06,      253.20,        0.33,     509602015.01,   55770870050.43,    5748627065.96,      5807023,      6079084,0000000378
1986-11-21 13:10:01,1986,4,19861001,19861121,    9823020175.26,    3569699675.02,       11.35,        9.98,        0.36,     914222673.23,  828783059670.87,    9050048363.53,    314622480,    357586005,0000000177
1986-11-21 13:15:03,1986,4,19861001,19861121,    5332645375.85,    1272957609.72,        3.11,        2.66,        0.24,     112728581.42,  605018590408.70,    8896859046.65,    409354655,    477844568,VGhBMeHkpGZBxnGhQhTaecpCsRiIBJyRKuIUKNESBTXO                
1986-11-21 16:40:02,1986,4,19861001,19861121,    9671815111.27,     584219326.22,        1.24,        1.23,        0.06,     398288972.81,  389888097369.74,    1884724717.15,    472804294,    476362985,0000000437
1986-11-22 03:17:04,1986,4,19861001,19861122,    4891427546.78,    2755559252.51,        4.17,        3.58,        0.56,     428017433.34,  309407202824.31,    9716029597.23,    660293168,    770354741,cNdfLdFYLNaqknmfArkSQctbvNHgrLSBRBosTcZAyuyAuBkDIIYT        
1986-11-22 14:16:03,1986,4,19861001,19861122,    7391631376.12,     580638769.11,       30.03,       27.23,        0.08,     901435811.24,  695707727654.53,     354540916.56,     19336098,     21326523,ytwHZYvhGRHFiDcsVeJWQNLesJpxiFvwjAVBhmgAsdAIeWfejBUNAegSP   
1986-11-22 22:41:01,1986,4,19861001,19861122,    7433359642.22,    5011100057.43,        6.94,        6.58,        0.67,     431790700.49,  490379199783.03,    8425229841.24,    721591024,    761746043,dAgSTFNPKlGcAPaGPFaBINEgMBN                                 
1986-11-22 23:31:05,1986,4,19861001,19861122,    7308672145.11,    1988946533.44,       10.32,       10.11,        0.27,     240995795.27,  358361592728.51,    8560983613.99,    192694577,    196769683,0000000463
1986-11-23 09:49:05,1986,4,19861001,19861123,    9489965529.00,    6401294635.50,        7.24,        7.09,        0.67,     706861170.23,  983810515476.28,    1285925346.43,    884203717,    903003955,OCSmeMcZnwYFCQhAomWNQruAvEKYEtREwXPuP                       
1986-11-23 16:28:05,1986,4,19861001,19861123,    4397751282.66,    2667370315.77,        5.04,        4.21,        0.61,     626408075.18,  642654859015.70,     153151596.39,    529443548,    634133547,LoSyvUwXvGnKexKhSbbtArGnpUcArarLDzSDOEMMZBwKPwRuADFxSFJ     
1986-11-23 21:25:02,1986,4,19861001,19861123,    5741861886.42,    3677421718.12,       15.86,       14.81,        0.64,     402374893.32,  697986408772.59,    8126690633.80,    231830298,    248386787,0000000418
1986-11-24 00:16:04,1986,4,19861001,19861124,    1217302103.04,     403555899.05,        2.20,        1.98,        0.33,     561110635.92,  203553912061.41,    4271875973.23,    183655480,    203933358,0000000241
1986-11-24 02:22:01,1986,4,19861001,19861124,    9343907456.71,    1555659605.36,        2.08,        1.76,        0.17,     756441233.32,  315977596678.25,    1948843596.94,    747394223,    886325074,YGODXTYUYQHKSUzVdmTrHaaZEgiuZLXAwzvjFZMnWXdUSECjfiOJYU      
1986-11-24 07:16:00,1986,4,19861001,19861124,    5257388941.51,     887159204.35,        4.93,        4.59,        0.17,     665575317.59,  414708223230.90,    4560965776.89,    179956737,    193459075,0000000277
1986-11-24 07:58:03,1986,4,19861001,19861124,    8193432896.10,    5450547884.00,       60.00,       52.54,        0.67,     833371450.60,   64707271749.69,    4842234862.48,     90835520,    103737720,HYTskOhXETIMfPGEBGOaNHJcjXccwHEenkPOKQTQkyIBjPiLpAYIAP      
1986-11-24 16:41:03,1986,4,19861001,19861124,    2556977762.52,     925956732.12,        6.05,        5.63,        0.36,     823187080.55,  305602181936.59,    2165928295.04,    153152616,    164468591,0000000343
1986-11-24 17:42:01,1986,4,19861001,19861124,    9117010211.81,    4074410547.64,        5.05,        4.58,        0.45,      24853965.95,  885655119165.71,    3444164095.49,    806231373,    889966024,0000000324
1986-11-24 19:56:00,1986,4,19861001,19861124,    6267509416.20,    2289320597.13,        6.49,        5.63,        0.37,     574621131.36,  408615124386.80,    8158720321.51,    352946039,    406546250,0000000410
1986-11-25 02:28:02,1986,4,19861001,19861125,    6812710760.50,    1305529897.87,      108.19,       91.36,        0.19,     268685554.69,  526366025568.93,    3651903175.57,     12067398,     14289537,ieIyBwMxVgOHXKQlnyDjuAKXXV                                  
1986-11-25 08:42:05,1986,4,19861001,19861125,    4715226546.44,     395618042.06,        1.52,        1.38,        0.08,     323622095.45,  578378283744.97,    5217271191.87,    260605681,    286823704,uomkqYTFzNKMUdTRDbKIaXJtAEiCkvdAKGquCuxlVtTjIKhhrMVES       
1986-11-25 14:15:01,1986,4,19861001,19861125,    4887320237.55,     666061982.92,        1.14,        0.98,        0.14,     372126575.69,  542328525485.69,    6130280296.41,    586700992,    677636907,0000000132
1986-11-26 00:43:03,1986,4,19861001,19861126,    3630180234.87,    1093511849.04,      155.63,      154.69,        0.30,     819517483.80,  403609129576.31,    6866458677.47,      7026156,      7068895,0000000160
1986-11-26 00:47:04,1986,4,19861001,19861126,    6476843578.10,    1971653480.88,        2.53,        2.38,        0.30,     965657965.66,  551323144624.85,    8536024097.45,    778368972,    828289186,kTvfZnSjcPeiRAaYlMKXFcMxdXNFQvnxFUGUfWCBuP                  
1986-11-26 08:27:01,1986,4,19861001,19861126,    5445274790.32,    3261001103.46,        3.34,        3.09,        0.60,     263402078.88,  955772500758.56,    5374480639.82,    976421605,   1054199140,0000000234
1986-11-26 12:25:02,1986,4,19861001,19861126,    7372528651.19,    4394314643.86,        4.68,        4.25,        0.60,      86346089.69,  843728117982.46,    9123155100.18,    938779925,   1034488834,QEkkAMlHTKfHsRQ                                             
1986-11-26 12:31:00,1986,4,19861001,19861126,    2273938980.06,    1537110928.51,        2.58,        2.34,        0.68,     296351302.98,  698485005870.21,    2193005656.84,    594894602,    655894933,0000000301
1986-11-26 21:21:02,1986,4,19861001,19861126,    9800798405.82,    6512576453.45,       15.43,       15.12,        0.66,     891920512.86,  986524157291.38,    5835111840.81,    422199872,    430717050,LawPVRQMaKJxZlvIWZkIUpFJdEJZVBFJMqsfXESdjgxXNcRr            
1986-11-26 22:08:03,1986,4,19861001,19861126,     816656055.93,     120545009.13,        0.19,        0.19,        0.15,     710780005.40,  740950087089.42,    8646312765.92,    642773975,    647758334,dovVSXAljJaoXNUagOsMWwA                                     
1986-11-27 06:37:02,1986,4,19861001,19861127,    1671628704.27,     729640738.93,        1.48,        1.27,        0.44,      27917709.77,  743578716059.74,    1825489322.54,    491361566,    575789795,JXLbGZVFLpXuemjUXZVvmZHPgQpRqHK                             
1986-11-27 16:49:00,1986,4,19861001,19861127,    6362844919.46,     761949587.56,        7.15,        7.03,        0.12,     485617928.91,  493851967830.96,    6164121974.14,    106528102,    108327310,0000000076
1986-11-27 19:54:05,1986,4,19861001,19861127,    1968702825.01,     293904442.78,        4.21,        3.62,        0.15,     253804900.18,  159389465445.54,    3961140731.03,     69889562,     81233421,0000000462
1986-11-27 22:20:04,1986,4,19861001,19861127,    3198682493.80,    1435924886.77,        4.10,        3.61,        0.45,     251559796.00,  967101977415.20,    3139757832.91,    350074796,    397713129,0000000270
1986-11-28 00:15:05,1986,4,19861001,19861128,    5886821150.88,    1587741991.05,        2.79,        2.56,        0.27,     615875468.13,  268975725205.86,    1834652106.49,    568106395,    620784015,0000000411
1986-11-28 05:11:05,1986,4,19861001,19861128,    9410405536.94,    4994227604.56,       35.01,       30.50,        0.53,     781085316.20,  987495588180.37,    8938786883.71,    142657466,    163718740,0000000026
1986-11-28 14:05:03,1986,4,19861001,19861128,    5179105054.63,     828143003.45,        1.10,        1.10,        0.16,     508529919.49,  865518987445.86,    3835631583.20,    750221219,    755202360,0000000254
1986-11-28 14:50:01,1986,4,19861001,19861128,    1138728402.55,     327354137.22,        0.73,        0.69,        0.29,     372137498.46,  292392019849.99,    1088722087.02,    450258441,    476585230,0000000018
1986-11-28 19:57:02,1986,4,19861001,19861128,    4237586160.73,    2131343420.49,      114.85,       97.80,        0.50,     326740734.11,  835729071447.53,    8433712302.82,     18557791,     21792765,vnbESGDLPDBDVwsKNSXPqRYLGXjuxVJrQDsEcEVAYIyXWMFThaGbMIZNd   
1986-11-28 20:43:05,1986,4,19861001,19861128,    7830118455.08,    2908871633.17,        3.52,        3.12,        0.37,     916612074.44,  533198747063.88,    5291390210.72,    827165043,    933790408,0000000359
1986-11-29 03:18:01,1986,4,19861001,19861129,    6098949434.62,    4002777056.28,        4.17,        3.86,        0.66,     358186665.79,  773783076963.37,    1743111116.19,    960461782,   1037016852,OzjqKuNwhkyhggnIcbOUTzPkHmlLHjqBIaSPMTDPDgJNJNaJSWg         
1986-11-29 06:25:04,1986,4,19861001,19861129,    4395309446.37,    2730870702.98,        8.72,        8.28,        0.62,     696737379.06,  982290848286.73,    9064661897.77,    313166833,    329846268,0000000314
1986-11-29 10:07:03,1986,4,19861001,19861129,    3087864450.58,     213670812.13,        0.44,        0.37,        0.07,     833330282.15,  958304647360.82,    8003950045.89,    489879286,    573354382,YhXLpLlUxNqudIbhviMnZGJKHOHYY                               
1986-11-29 20:48:01,1986,4,19861001,19861129,    5726557902.59,     514911671.19,        5.96,        5.32,        0.09,     327482332.56,  272003615823.93,    3736284383.65,     86421425,     96823495,LDWnqFgGDdOMUOFRoyrouVnhSdSjzWiBTBNHXSbzUHWRtN              
1986-11-29 21:33:01,1986,4,19861001,19861129,    5611699939.28,     414296346.63,        0.44,        0.39,        0.07,     576333404.60,  541396436543.31,    8775868953.12,    939210639,   1068615063,POXQteLKsMZWDmEDyJCiKeVVEBpQSTYzZARMT                       
1986-11-29 22:16:03,1986,4,19861001,19861129,    9888150845.76,    2662132251.96,       39.96,       35.18,        0.27,     298760931.21,  557929202045.95,    1599844730.31,     66625367,     75681229,0000000398
1986-11-30 04:34:01,1986,4,19861001,19861130,    7172500896.84,    2686321203.17,        7.14,        6.20,        0.37,     635712942.01,  436794266984.72,    3562781162.92,    376176687,    433115534,0000000428
1986-11-30 07:35:02,1986,4,19861001,19861130,    5115259207.62,    2912536272.50,       22.18,       21.41,        0.57,     132873286.05,  529922192205.55,    2485603801.73,    131313294,    136039341,0000000239
1986-11-30 18:13:00,1986,4,19861001,19861130,    6423850650.63,    1326612789.84,        2.03,        1.80,        0.21,      66229601.44,  418034947519.02,    2490619387.94,    654508958,    737074213,0000000424
1986-11-30 18:56:03,1986,4,19861001,19861130,    8799142599.87,    4900648615.83,        5.77,        5.76,        0.56,     633211209.05,  245735782736.96,    9629450088.61,    850050273,    850649514,0000000243
1986-11-30 23:43:02,1986,4,19861001,19861130,     816679291.53,     396933547.44,        1.00,        0.87,        0.49,     526780996.38,  305401018429.81,    3284001899.07,    396236754,    454440264,khQFSuzOQECuuAgqIPwyODLZBGjmVRGPiQUcBeS                     
1986-12-01 09:06:04,1986,4,19861001,19861201,     372046711.73,     254608039.97,        0.37,        0.31,        0.68,     354291670.98,  101269866431.54,    5492457978.88,    691392691,    820398123,UYPksfvvLGxGXaw                                             
1986-12-01 14:27:05,1986,4,19861001,19861201,    2521384696.50,    1339706064.87,       16.17,       16.15,        0.53,     974958876.76,  408014058477.17,    3550576472.12,     82826112,     82956594,0000000067
1986-12-01 20:57:05,1986,4,19861001,19861201,     814013158.95,     282397107.63,        1.14,        1.08,        0.35,     696001145.11,  173806458336.18,    9353903814.87,    247276542,    262215671,0000000383
1986-12-02 05:53:05,1986,4,19861001,19861202,    7754972550.55,    2582305406.24,        7.91,        6.99,        0.33,     428967865.82,  722789246273.90,     749520714.54,    326262977,    369521311,0000000282
1986-12-02 09:39:03,1986,4,19861001,19861202,    4205343178.33,     457256837.79,        3.40,        3.22,        0.11,     926990387.95,  334641474503.44,     533171104.72,    134374020,    142005367,LHLtYYBVQKIMsKuLPRKpMFxNQ                                   
1986-12-02 20:41:03,1986,4,19861001,19861202,    6962110460.77,     558900351.82,        1.40,        1.20,        0.08,     154413327.16,  792997384293.31,    5890696094.97,    398712987,    465088694,oeZLMWToRwrbeQgJWDgaGDLoPJbyjlCmkpftuarAh                   
1986-12-03 00:29:03,1986,4,19861001,19861203,    7733714519.09,     662329143.27,        3.18,        3.08,        0.09,     626358212.66,  618444929203.62,    2241713528.48,    208535343,    214999884,KPFAOhPCFCVJPlwIEtNRzoWuB                                   
1986-12-03 00:42:01,1986,4,19861001,19861203,    8584958368.49,    4880778629.22,        5.26,        4.88,        0.57,     136913557.86,  930982455638.22,     983886157.11,    928483405,    999913717,0000000371
1986-12-03 01:35:05,1986,4,19861001,19861203,    6465308793.80,     894012375.76,        1.15,        1.13,        0.14,     837830978.46,  170530599492.31,    9696608529.34,    780029733,    793372544,0000000034
1986-12-03 04:26:00,1986,4,19861001,19861203,    4172032737.27,     953035157.25,        2.35,        2.23,        0.23,     694848103.26,  475112411538.30,     772819521.36,    405728636,    427585241,0000000200
1986-12-03 13:49:02,1986,4,19861001,19861203,     432818380.42,     289267857.14,       15.76,       13.50,        0.67,     588522207.92,  710909465105.76,    5217698362.21,     18358698,     21421052,tzytoApwJlPQKJNbXkGoSZfmGBIrdUpRCIjkmS                      
1986-12-03 20:56:02,1986,4,19861001,19861203,    6920764504.91,    4325660622.29,       60.72,       56.18,        0.63,       5869638.88,  115899808079.68,    7363581538.65,     71235421,     76997822,0000000051
1986-12-04 00:40:04,1986,4,19861001,19861204,    5155783836.52,    1839909248.02,        8.67,        7.30,        0.36,     905907023.73,  610590918493.94,    7175889363.10,    212206477,    252104646,0000000096
1986-12-04 03:42:04,1986,4,19861001,19861204,    5199247155.22,    1355100814.04,        5.09,        5.03,        0.26,     975210798.33,  827590934316.99,    7130359160.70,    266126650,    269255102,0000000440
1986-12-04 13:17:04,1986,4,19861001,19861204,    7631644241.42,    1061085942.87,        1.39,        1.34,        0.14,     905732982.80,  787917167925.09,    1315275048.94,    760868405,    790719011,0000000441
1986-12-04 19:12:05,1986,4,19861001,19861204,    1403688961.18,     745482796.44,        0.75,        0.73,        0.53,     642659200.26,  774440776431.99,    7849775803.08,    997779444,   1015785187,FVOrUHffvqAGgtyexHslNcmNkMVeuJAELmriAAtkyPXM                
1986-12-04 20:06:05,1986,4,19861001,19861204,    7062788933.10,     124774092.81,        0.20,        0.17,        0.02,     923183743.66,   57804710551.32,    4871594802.56,    616254689,    721934674,TmePJwPsZzryQDFuQIUNO                                       
1986-12-04 23:09:04,1986,4,19861001,19861204,    3868360832.27,    2621763490.26,        2.73,        2.41,        0.68,     876398511.13,  314686023771.43,     916817533.54,    960923782,   1089828861,0000000023
1986-12-05 05:01:03,1986,4,19861001,19861205,    7539630016.64,     178916430.47,        0.33,        0.32,        0.02,     820231746.89,  586010340546.48,    7797978169.26,    549572651,    555958984,NFllCCTAAlKUJDIbSrTfZjYbey                                  
1986-12-05 07:25:02,1986,4,19861001,19861205,    3848438256.99,    1397577817.96,        2.08,        1.96,        0.36,      68551251.92,   51620817762.66,    2013291819.29,    672408764,    711533069,lSBXSwESnnboFFeSvHxFjlfxrwIZABfGMjiWUbhTmnRHnPFOTMlMAQnZJA  
1986-12-05 07:47:04,1986,4,19861001,19861205,    5020319061.90,     509313645.94,        0.64,        0.60,        0.10,     121195567.37,   89002251087.78,    8367093556.65,    792180989,    843557535,0000000323
1986-12-05 07:58:00,1986,4,19861001,19861205,    1824253391.28,    1105876748.18,        4.48,        4.21,        0.61,     175106380.56,  760246437876.33,    6780871089.77,    246967679,    262386829,jmClCXBcZwINVyetRxHbWYRbsYBIFkuIGtecXWIN                    
1986-12-05 10:58:03,1986,4,19861001,19861205,     880181301.78,     161382804.24,        0.39,        0.39,        0.18,     551498421.64,  681341125135.39,    4402649236.97,    414618406,    415301724,JLKmIgsKSPiMKRdYvmLZBX                                      
1986-12-05 11:59:01,1986,4,19861001,19861205,    4491824544.92,     577465047.47,        0.89,        0.80,        0.13,     149571538.83,  443043615853.19,     973938115.88,    646234533,    721886827,eyGBByYTpoRbgjJdHtPbQdJTXrTbcWTJkSHlPvDAkK                  
1986-12-05 18:13:04,1986,4,19861001,19861205,    6182331036.38,     764701784.32,        0.90,        0.89,        0.12,     157013207.62,  544685970368.94,    5275125996.28,    845800488,    858937790,0000000095
1986-12-06 02:38:05,1986,4,19861001,19861206,    5902550901.48,    3428662556.77,       10.10,        8.84,        0.58,     895445332.36,   54127623267.14,     348226563.95,    339355382,    387912405,0000000311
1986-12-06 09:03:01,1986,4,19861001,19861206,    4667927785.28,    2782773935.75,        3.10,        2.71,        0.60,     420997508.19,  555039733070.44,    5003327610.17,    897055462,   1026025259,0000000287
1986-12-06 18:53:04,1986,4,19861001,19861206,    6468033028.95,     387732374.39,       15.75,       14.87,        0.06,     459002628.08,  744200739583.44,    7099746754.28,     24611520,     26067724,VXpGhfFbmgISLSMZVQlpBtNxkRhiLKvoTFIEKvFgIOL                 
1986-12-06 19:35:03,1986,4,19861001,19861206,    4953421132.48,    2330583122.41,       21.54,       18.30,        0.47,     481906456.57,  738110766391.44,    8779291080.39,    108176779,    127330719,TBHUyLHgvcUeRifuLnPHLzKiytfUGhaZIgHItfaCIhzcVLYGaMW         
1986-12-07 03:55:05,1986,4,19861001,19861207,    6149571986.53,    1334337121.95,       24.59,       22.30,        0.22,     370945801.24,  518722182029.73,    1251321011.67,     54260357,     59835217,0000000071
1986-12-07 08:12:01,1986,4,19861001,19861207,    9328307524.82,    3555057987.89,        5.99,        5.72,        0.38,     258630978.69,  961915772308.49,    5504817018.94,    593786318,    621021480,FKInwHvrUrBLukJCRFeyN                                       
1986-12-07 12:57:01,1986,4,19861001,19861207,    8477935653.72,    2100482517.59,        4.98,        4.82,        0.25,     411420701.91,  822861625728.21,    3725748719.80,    421410250,    435473697,sywKYoBrHXXpAryQGPvlNiaGZOoSUSFPVyRJCvtVoPAHi               
1986-12-07 23:36:02,1986,4,19861001,19861207,    6853355496.20,    2971572070.67,        3.38,        3.22,        0.43,      80576886.40,  805669649250.04,    9078560253.00,    880080086,    922744901,kHtGiuFfPHTrsLQCQMHgHEIaeKArhp                              
1986-12-07 23:36:05,1986,4,19861001,19861207,    7209064001.31,    3179739598.99,        9.70,        8.52,        0.44,     625307967.28,  992523798467.79,     976821600.27,    327707428,    373122597,0000000154
1986-12-08 03:23:05,1986,4,19861001,19861208,    8840775372.86,    1334435341.49,        3.08,        2.61,        0.15,     175224368.11,  420492576027.57,    6145839693.60,    432984528,    511003745,ixUNwsEWrAGqMWXBRIwqjqqHxULilGPjgGbZlNFANJCXSHFsIplCV       
1986-12-08 12:42:02,1986,4,19861001,19861208,    8634351355.44,    1018473565.05,        1.03,        0.95,        0.12,     184349137.72,  220795882258.77,    9575939618.63,    985995855,   1077504229,jnhGOQaSGPLzBRc                                             
1986-12-08 18:43:00,1986,4,19861001,19861208,    9714915894.55,    3931933328.70,       31.88,       31.48,        0.40,     266042363.10,  786885861676.11,    4123735064.97,    123316917,    124917007,AlsjdyBBsgGUwetTlIiZTSPCmPyqOqtQaKJPzJMVjnITZOIdEQUtpHQGNPD 
1986-12-09 03:55:01,1986,4,19861001,19861209,    4437499322.64,    2957717213.09,       10.61,        9.81,        0.67,     114586348.98,  788761279658.65,    3604464667.44,    278883887,    301630030,NQrzYUMnOGSRcSXYPJIDZJLdIqGhuKOMIGDVNWeURAS                 
1986-12-09 13:03:01,1986,4,19861001,19861209,     702692322.49,      35629969.51,        0.14,        0.12,        0.05,     985504016.04,  666006758210.01,    1976115227.82,    259729551,    299073636,gIOONPxnQUwBdFNEMLBUXdUbFPDWDVOVnWIIMRpOMbaMGipmCAICpjncsHs 
1986-12-09 22:32:05,1986,4,19861001,19861209,    2994329561.60,    1778496765.21,       17.63,       16.87,        0.59,     380676307.14,  340097242312.55,    7177100226.04,    100878399,    105427790,0000000258
1986-12-10 00:11:02,1986,4,19861001,19861210,    9178345521.38,    5922721097.88,        7.03,        6.29,        0.65,     712394262.52,   79338019635.28,    9537074161.49,    842393664,    942113508,0000000350
1986-12-10 03:17:03,1986,4,19861001,19861210,    8684907775.48,     958204451.31,       56.13,       50.65,        0.11,     711350905.90,  887566976854.32,    1485305954.39,     17072596,     18918150,NiBcGbDvQsFXSbRxOUPzUvEKLCXRVlDFrhOUHduBWHC                 
1986-12-10 08:57:03,1986,4,19861001,19861210,    9871489161.76,    2513660222.42,        3.58,        3.05,        0.25,     862976212.08,  577808190005.22,    4544092672.46,    701705512,    823695872,0000000306
1986-12-10 18:36:05,1986,4,19861001,19861210,    1397160016.27,     685512820.22,        0.73,        0.61,        0.49,     418753237.69,  160022005584.02,    3971007724.01,    945194765,   1118586822,rrQOJFGWIwbEigmZA                                           
1986-12-11 02:44:03,1986,4,19861001,19861211,    9658695646.82,     914309287.31,       12.92,       12.34,        0.09,     238815247.03,  578409257689.22,    2156646179.56,     70770780,     74083699,DZXUKeMqanYSJmmJJTrtXpNjeqMytHJhsCNNHwRycmUEAHBFjpt         
1986-12-11 07:43:04,1986,4,19861001,19861211,    2890741661.05,     709050415.76,        0.74,        0.71,        0.25,     142092193.53,  975145992888.62,    5067112119.79,    953802767,    999600328,0000000358
1986-12-11 08:53:03,1986,4,19861001,19861211,    6341458788.10,     737901097.74,        1.11,        1.03,        0.12,     861351531.55,  788573188171.69,    5241851467.79,    666303359,    718544651,PKoQbpXYaUpnSupspSsLCZsyfTaRykUwFQAWLvp                     
1986-12-11 09:02:05,1986,4,19861001,19861211,      83244577.56,      47590237.50,        0.05,        0.05,        0.57,     819135451.37,  208538874636.20,    8569721072.78,    889563804,   1025133497,0000000126
1986-12-11 17:10:01,1986,4,19861001,19861211,    3541932032.77,    1141766951.93,       10.16,        8.47,        0.32,     428886204.51,  399904516569.43,    6659688408.13,    112357520,    134772336,0000000439
1986-12-11 21:04:03,1986,4,19861001,19861211,     963368729.72,      64953912.86,        0.13,        0.11,        0.07,     826286955.07,  885455273157.29,    9031388873.10,    497175574,    567986453,cbOBYMxWQHmHPdBYbLJCDSnTUlNTvGmLYmpMW                       
1986-12-12 01:05:04,1986,4,19861001,19861212,    4797239398.12,    1016759835.99,        5.77,        5.08,        0.21,     873277742.43,   51935103302.78,     886477994.33,    176102726,    200258301,ODMJAOEtZTTMHOSlEvxTQJGKTRjpGLBRILIsO                       
1986-12-12 05:27:03,1986,4,19861001,19861212,    2317244327.18,     966952561.14,        1.25,        1.06,        0.42,     131941462.40,  985736459170.37,    7691098357.06,    770946723,    910751957,FCkieDvUWMfVyEKAHEIeYGbEUgOLAzaQpgKUXJ                      
1986-12-12 11:47:05,1986,4,19861001,19861212,    6168396264.71,    2492828773.78,        8.45,        8.19,        0.40,      62269115.29,  456939031633.34,    3097909687.33,    294853872,    304403008,0000000381
1986-12-12 20:23:05,1986,4,19861001,19861212,    6772749348.00,    4327734014.14,        6.52,        5.97,        0.64,     633145329.79,  958158579229.86,    9964737987.80,    663576920,    725489689,ONAHzsyLCiRLwfSKXUMvWqkPToceoCwAAqegYCPTGexMLbiAvdSWZpob    
1986-12-12 20:51:04,1986,4,19861001,19861212,    3687082461.56,     878714056.49,        1.03,        0.93,        0.24,     308031543.14,  289512204908.01,     273864457.09,    849479292,    948066381,HGjuOXGwmwHRXGKFdedIcHfLMXqXBDWISwgzdmbzHxpPpsrIVQ          
1986-12-13 04:18:03,1986,4,19861001,19861213,    3827396530.66,    2452838152.07,        2.59,        2.48,        0.64,     186951658.22,  790260750779.25,    8126681677.15,    948789252,    987516702,TfDdCuRCTQODcWhJKicTYcSKtaHxJvVCFpKSBBSLkfGdfRlGaVj         
1986-12-13 07:14:01,1986,4,19861001,19861213,    1138848432.67,     218296910.88,        2.60,        2.40,        0.19,     664566168.82,  647358422095.37,    3142494629.37,     84097479,     90790055,KeIWyqfiYVrmDOfhx                                           
1986-12-13 11:18:05,1986,4,19861001,19861213,    7255064010.83,    2463664608.55,        2.95,        2.93,        0.34,     544000439.83,   63191242920.11,    8853791238.74,    835106059,    841437289,0000000171
1986-12-13 16:06:03,1986,4,19861001,19861213,    4752545673.13,      33549612.50,        0.06,        0.06,        0.01,     438126948.84,  440622767463.95,    2048221106.07,    533829980,    561879958,0000000084
1986-12-14 01:07:00,1986,4,19861001,19861214,    9090593797.53,    2951979061.04,        7.74,        7.49,        0.32,      47172969.31,  198267006788.44,    5909746323.55,    381149697,    394188532,RSJaCTdzTXyIumBpWRWpmUFrRwTQfjSllfELQwDqUoSBIhxovYPSZIRTY   
1986-12-14 11:57:04,1986,4,19861001,19861214,    4367936977.12,    2515109211.69,        4.31,        3.78,        0.58,     496090691.30,  466166997231.60,    4782518406.96,    584034287,    664995399,0000000400
1986-12-14 12:20:00,1986,4,19861001,19861214,     202492428.74,      46395530.59,        0.41,        0.40,        0.23,     248152783.95,  703597689724.88,    7651607039.65,    112216181,    115250258,CMbRIDVtDBphXwzVGNYxbPKLdRbPC                               
1986-12-14 22:23:00,1986,4,19861001,19861214,    4410276056.88,     307569068.65,        0.89,        0.88,        0.07,     605354770.62,  770335407312.15,    6927156630.03,    343690212,    348450658,vjoxmFyUBmPAvNqUOLzFJRVALGIe                                
1986-12-15 04:25:00,1986,4,19861001,19861215,    4041471129.90,    2040877104.54,        2.38,        2.24,        0.50,     256794693.59,  399817135778.06,    7985917667.81,    859061268,    911333000,CdtNrECbrbQbgppWLEleQUUZbpBxiUWdwXOgIVdSVAEJKMMFSKMVKUMRs   
1986-12-15 10:13:04,1986,4,19861001,19861215,    8955787749.29,     735903133.46,        2.55,        2.53,        0.08,      19049264.22,  915319910016.14,    2754424926.52,    288326529,    290360856,0000000385
1986-12-15 19:58:05,1986,4,19861001,19861215,    6081530510.13,    1478166839.54,        4.68,        4.61,        0.24,     394111855.23,  753332393155.35,    9510181940.74,    315605161,    320625397,zNyjYibaVtczWacLNXvWJcNUUHEcDgIBDvev                        
1986-12-16 04:10:00,1986,4,19861001,19861216,    1223641630.51,     112465423.13,        0.12,        0.10,        0.09,     582758634.11,  151728899210.42,    9932624760.38,    929161061,   1107392223,rjkmNkyRrYnpSUDcOqIviweufHAQzFKBSXsYPAcKkbMbBVsEUWMNMRKJZK  
1986-12-16 04:46:04,1986,4,19861001,19861216,    6349331948.98,    2765556670.78,        4.84,        4.31,        0.44,      59312036.47,  856950918389.66,    6068598863.68,    571163538,    641413894,LMktzXgdurfauyKikioJYWWvsPBPvMvGtgqDvBAVEoeWsENCss          
1986-12-16 08:55:02,1986,4,19861001,19861216,    4417812470.05,    2469814675.90,        2.60,        2.34,        0.56,     443650063.87,  543786372074.93,    5026795651.11,    948482508,   1057098107,iYRwGqMPHPBywOzSlOIOudlbLdVXFAVSHVCgxCkOEdXLm               
1986-12-16 17:15:00,1986,4,19861001,19861216,    6863058124.95,    4674447141.07,       18.40,       15.57,        0.68,     919633537.22,  822382418624.95,    2869033717.07,    254070961,    300290528,UGTLzMUCFokLJkoCWXYyJu                                      
1986-12-17 00:21:04,1986,4,19861001,19861217,    5848717014.26,     920822146.46,       41.85,       35.65,        0.16,     958128797.50,  457423030654.23,    5518424451.75,     22002937,     25827009,0000000153
1986-12-17 05:49:03,1986,4,19861001,19861217,    8880788229.70,     896087065.55,        1.69,        1.65,        0.10,     325932904.77,  559408123620.11,    5915016548.10,    530184280,    542471491,0000000389
1986-12-17 06:38:03,1986,4,19861001,19861217,    8821964403.07,    2408023195.45,        5.29,        4.84,        0.27,     531335367.51,  641085642880.58,    6579963452.40,    455430581,    497210476,elytkoILJGzJAUKlXoe                                         
1986-12-17 09:32:01,1986,4,19861001,19861217,    5607993675.34,     912940229.30,        2.47,        2.07,        0.16,     938410067.95,  175344827039.12,    2730381159.43,    369168431,    441288163,UXOUArFTMWTXRKkxJydPJdAVWcjZjnWKO                           
1986-12-17 20:31:04,1986,4,19861001,19861217,    6846443246.19,    1777896769.93,        4.25,        3.91,        0.26,     624003866.40,  572676737090.31,    1864323808.53,    417982558,    454822491,WxxNZDKOUIphIDynLKAGWdWOHvjWKHX                             
1986-12-18 03:14:02,1986,4,19861001,19861218,     305265478.87,      61410678.46,        0.07,        0.06,        0.20,      95223312.62,  917987765123.21,    7595945908.88,    881055037,    961898421,0000000435
1986-12-18 09:14:03,1986,4,19861001,19861218,    5137880023.01,     827348691.70,        2.09,        1.77,        0.16,     104582194.81,  389500941636.54,    2078969624.87,    396050122,    468492513,0000000050
1986-12-18 12:02:04,1986,4,19861001,19861218,    6934142315.36,    2758892468.17,        9.31,        8.07,        0.40,     470406965.90,    3872410305.75,    3671799712.46,    296275868,    341838797,KOlAVqclErnTgpnKcXDfYShaLUJDGYmZBnXEQBzTphjw                
1986-12-18 16:16:05,1986,4,19861001,19861218,    2020188924.42,     409951883.71,        0.45,        0.41,        0.20,     282938109.68,   78493228817.33,    2856628313.66,    911541246,    993679930,0000000110
1986-12-19 00:14:03,1986,4,19861001,19861219,    1932827634.45,     575344912.89,        0.72,        0.63,        0.30,     851021317.68,  933425446983.75,    6598640980.62,    797688424,    915736940,lRFFxbuSdaaOoGESnCUfCnNBiAPfzULXLkvvOKypCeBBGHyQXbghJLPQpGBX
1986-12-19 01:22:02,1986,4,19861001,19861219,    3317624127.57,     524331763.85,        1.76,        1.73,        0.16,     625608387.23,  496504198897.34,    3381572515.59,    298586043,    303442260,0000000174
1986-12-19 10:24:05,1986,4,19861001,19861219,     924376559.28,      30821241.40,        0.37,        0.35,        0.03,     563991190.98,  567468381214.10,    2649010717.96,     82885374,     87029103,0000000290
1986-12-19 12:32:02,1986,4,19861001,19861219,    9310756470.84,    3708200293.00,        3.82,        3.81,        0.40,     874004952.59,  805640834964.65,    2266036057.24,    970167186,    974136197,loOOZJRIIDzZBHBMmqeXGJWuPRgKaKqkJhjtPLnMgFIPnJLLTZJLuy      
1986-12-19 23:00:05,1986,4,19861001,19861219,    7012030976.12,    2899452003.30,        6.19,        6.19,        0.41,      12705431.32,  953559660998.61,     877396229.49,    468456815,    468499174,LfVjSbTbrJNKISiNWoWHWpjzkqpJJNDyTwMZLmCuRedPcuPMRxdNfODXW   
1986-12-19 23:26:05,1986,4,19861001,19861219,    8321644434.35,    3950982978.98,        5.50,        5.42,        0.47,     956335375.65,  842498164701.44,    4205101291.53,    718976759,    729333862,0000000038
1986-12-20 08:01:01,1986,4,19861001,19861220,    2509344891.90,     964384268.73,        1.77,        1.56,        0.38,     905911698.27,  424935137595.36,    7627305475.82,    545072621,    618991481,XXXKMFlBflOSPDNMOGcQiBEOcgTqRSnETOfsmwVPBWvsaIdZezM         
1986-12-20 14:48:03,1986,4,19861001,19861220,    3023831735.91,    1601107214.72,        3.33,        3.27,        0.53,     738327624.26,  213513250641.42,    5920182931.65,    480243538,    490345157,QvHyCLASGznHXEBUJdKwVOkSF                                   
1986-12-20 22:30:03,1986,4,19861001,19861220,    4313095237.45,    2016744471.66,        8.28,        7.72,        0.47,     377146484.94,  530866140382.34,    1818532659.39,    243494119,    261172041,tvIeADvSGHihEMbMRjXLzwCrqgMnbOWMI                           
1986-12-21 03:40:04,1986,4,19861001,19861221,    7032935645.38,    1197454464.67,       31.61,       26.96,        0.17,     152821292.88,  195783405390.29,    7422994139.32,     37878023,     44408662,OHhWNmQTAsaNmWdMvEIHLiSNxRZaZmKVACOMv                       
1986-12-21 05:45:00,1986,4,19861001,19861221,    6863499698.00,    1775547788.17,        2.46,        2.09,        0.26,      79923262.66,  552650640298.20,    4579454815.09,    721908633,    849619212,MzDbJtFosPRuInkhDbaTgwTGxQHNdfdYENNVTbutOgmijklFGRMIKSgSMc  
1986-12-21 07:07:03,1986,4,19861001,19861221,    4692803414.54,    2175581052.75,        2.78,        2.52,        0.46,     885744039.56,  246117663817.48,     449629214.59,    782303588,    861812149,nJdFvuivCQsWRFyFGbVTkPWytNSJNtYxlXTETaZDzAd                 
1986-12-21 10:56:05,1986,4,19861001,19861221,    2904569899.04,     795915309.44,        1.39,        1.18,        0.27,     716773251.64,  875496953383.37,    6825242196.15,    570703670,    675160116,0000000370
1986-12-21 19:16:04,1986,4,19861001,19861221,    7186213632.95,    2103222757.24,        5.09,        4.74,        0.29,     704043154.60,  385296086871.23,    5244632641.38,    413057742,    443891464,0000000189
1986-12-21 19:54:05,1986,4,19861001,19861221,     719743411.20,     193352808.84,        0.52,        0.47,        0.27,     703846408.14,  705709959457.53,    2031460599.50,    372010501,    412201339,0000000007
1986-12-22 03:54:01,1986,4,19861001,19861222,    9461090349.91,    2336244106.62,       30.71,       30.35,        0.25,     708120600.07,  554566655356.91,    5415667700.67,     76083543,     76975122,kkhSvCsfgbDUvsiZWtPQwjkYPwKrfTUFMGMCWCBXBcOcTkaLSudO        
1986-12-22 04:01:00,1986,4,19861001,19861222,    1398219791.69,     186299085.40,        0.30,        0.27,        0.13,     203372524.63,  235136078105.91,    7211446867.87,    617407430,    694043237,0000000426
1986-12-22 10:04:05,1986,4,19861001,19861222,    2725542529.22,    1466792556.77,        1.83,        1.54,        0.54,     192678111.70,  445664921960.07,    5109860810.20,    802110672,    955560762,0000000465
1986-12-22 19:34:00,1986,4,19861001,19861222,     571280915.04,     236637677.08,        0.54,        0.52,        0.41,     125040264.26,  898387825823.62,    8607083248.67,    439276702,    452074084,0000000264
1986-12-23 01:58:00,1986,4,19861001,19861223,     342637320.07,     217848454.70,        0.83,        0.82,        0.64,     326349938.55,  942212883635.18,    1283734061.82,    261373357,    266831913,QFRbFMIOhFIvNDHHKUIHIwUDsyiGpkDUVMQO                        
1986-12-23 11:08:04,1986,4,19861001,19861223,    9942686455.41,    3471679384.75,        4.06,        3.64,        0.35,     800986188.92,  448703552230.48,    2007561792.83,    855196170,    954642782,0000000001
1986-12-23 16:02:01,1986,4,19861001,19861223,    4745319574.12,    1433733030.79,        3.78,        3.28,        0.30,     878505883.14,  109529724520.07,     728166410.01,    379267469,    436768617,YKsCvZFRHKHIOMkwyDfOanJZ                                    
1986-12-24 02:58:04,1986,4,19861001,19861224,     851273830.56,     147052470.48,        1.12,        1.08,        0.17,       3327990.53,  289683749808.33,    4701577015.57,    131091929,    136068995,0000000061
1986-12-24 05:47:01,1986,4,19861001,19861224,    9389692017.37,    5965270034.50,       10.53,        9.37,        0.64,      60087713.58,  198662022058.91,    7913806922.90,    566318010,    636757038,BlzKUNpcdbxQGHwUAaQlIXGgyZmHnyRREOKBwpXvXwwWEOWiNJVMXWALS   
1986-12-24 07:01:02,1986,4,19861001,19861224,    9937230325.05,    5557672468.48,        9.02,        8.91,        0.56,     644783323.92,  552095554383.05,    8508447276.22,    616346706,    623692947,0000000011
1986-12-24 13:41:03,1986,4,19861001,19861224,    7299215191.53,    3112285746.14,        3.62,        3.15,        0.43,     389549126.45,  525981888795.34,    2521298159.13,    858695260,    988774544,YYWNUBgKrUQqeNVxhaBH                                        
1986-12-24 20:20:03,1986,4,19861001,19861224,    1702233466.67,     856960562.07,        2.62,        2.26,        0.50,     567629242.86,  730779559805.03,    3803263058.61,    327006421,    379763421,0000000140
1986-12-24 20:59:01,1986,4,19861001,19861224,    5808655368.26,    3036099303.22,        3.52,        2.95,        0.52,     340409649.37,  910959673574.42,    7418242194.75,    862522951,   1029541585,nixYOisDqcCHGulqtqUWSbTCAKwecrhIKKGTzGvXEGJhj               
1986-12-25 07:06:02,1986,4,19861001,19861225,    7636196941.41,    4610906054.65,       52.69,       44.78,        0.60,     322737784.95,  203655238889.54,    9512465636.44,     87513635,    102959101,0000000114
1986-12-25 15:32:03,1986,4,19861001,19861225,    6838884114.73,     884598952.49,        3.44,        2.89,        0.13,     490096735.04,  355474825184.88,    7734650209.74,    256873125,    305802098,OqHypLzADZqtBJkhBG                                          
1986-12-25 22:57:00,1986,4,19861001,19861225,     910268979.04,     308827402.97,        0.52,        0.50,        0.34,     414894349.94,  846411851613.13,     278698087.85,    592368811,    614764807,byJXXiDpSRuQqUFJVyaHkwU                                     
1986-12-26 03:34:03,1986,4,19861001,19861226,    5416054225.65,    1071915118.61,        3.12,        2.97,        0.20,     519287449.10,  461579212844.54,    2582025480.71,    343433054,    361188072,FQCxtQRoMnVlnjwEERVRrjOJDAIyWTEKGCbBNsvTNBMQXXA             
1986-12-26 12:41:03,1986,4,19861001,19861226,    9594341209.29,    2208139100.31,       11.26,       10.73,        0.23,     888724110.61,  858636650336.79,    8558302614.45,    196174851,    205789424,0000000208
1986-12-26 17:45:04,1986,4,19861001,19861226,    5139002338.26,    1387713113.45,        1.62,        1.39,        0.27,     175053615.42,  957785576290.65,    7759249580.58,    856326271,    997586173,0000000475
1986-12-26 21:15:02,1986,4,19861001,19861226,    8340913322.11,    5189896507.80,       26.50,       23.69,        0.62,     653176464.86,  216625125809.92,    2587080170.15,    195821005,    219103891,vgzyJMhIGRaZVRpgyhqyilvAxAGrSxvMLfNcWnwViYNUzVQvcDrMFqG     
1986-12-27 06:30:03,1986,4,19861001,19861227,    8346477717.51,    4133490772.06,       19.46,       16.74,        0.50,     314950774.48,  597979407761.66,    2473243747.44,    212366828,    246897743,SqCUkYbSlmUBVEeHQcYWlEhwLjOKBYzdJQXvcxaOioFLRqACxzvRPPNtjbD 
1986-12-27 15:55:05,1986,4,19861001,19861227,    9553450682.08,    2938082316.07,       21.93,       18.85,        0.31,     435888875.46,  463541759820.53,    8000961891.67,    133993864,    155881100,0000000077
